video_id,author,comment,published_at
WznY5JDmgkY,@corbuzier,Gue potong pembicaraan nya... Dia ngamuk... Pick me bgt... 🤪,2025-04-26T02:35:14Z
WznY5JDmgkY,@Dzikra123-n5y,Kak diva undang dong om,2025-05-02T10:25:38Z
WznY5JDmgkY,@icmbemm1111,Undang SURYA INSOMIA dong,2025-05-02T10:01:29Z
WznY5JDmgkY,@ash-o8b9f,33:11 jgn gt ah vid ngomongnya😔,2025-05-02T09:40:22Z
WznY5JDmgkY,@yosefhinsiahaan2800,owner kantor gue jg tlp sambil jalan sama kaya vidi wkwk,2025-05-02T09:06:13Z
WznY5JDmgkY,@rina.indriona,01:02:14 adegan paling ngakak 😂😂 sumpah ya Allah segitu cintanya Vidi sama istrinya 🤣🤣,2025-05-02T08:40:09Z
WznY5JDmgkY,@justordinarymom300,Sumpah kocak abis natural ini episode sampe gw ngakak bolak balik sendirian 😂  Bikin intens dong 😅,2025-05-02T08:27:59Z
WznY5JDmgkY,@arfanpratama4453,"Semoga kumpul semua itu vidi-diva-vadi. Pasti kebayang dah serunya keluarga mereka kalau kumpul bersama🎉🎉🎉🎉
Gas..gas..gas...↗️",2025-05-02T08:14:20Z
WznY5JDmgkY,@gadogadochannel3392,om ded..undang inces syahrini doong...pasti seru bangett,2025-05-02T07:52:31Z
WznY5JDmgkY,@Harupat70,"Mohon maaf saya hanya ingin turut meringankan beberapa tetangga saya yg sedang bangkit dari kesulitan ekonomi, barangkali ada yg berniat untuk membantu dapat memberikan donasinya melalui rek BRI Purwakarta no  3734-01-001687-50-2
Disalurkan untuk membeli bibit  pohon , tanah sudah tersedia untuk digarap, bibit pohon belum ada, atas bantuannya diucapkan terima kasih.n",2025-05-02T07:34:31Z
WznY5JDmgkY,@ronifardhansanjaya,ajak vidi sekeluarga om ded,2025-05-02T06:24:40Z
WznY5JDmgkY,@AininaDheota,Yuk lagi yukk part 2 boleh yuk,2025-05-02T05:16:57Z
WznY5JDmgkY,@BianAnarraa,Undang Divaa!!!🎉🎉,2025-05-02T05:09:49Z
WznY5JDmgkY,@akustikjawaterbaru,GAGAL FOKUS SAMA JAM TANGAN MEREKA BAGUS GANTENG  BANGET,2025-05-02T04:16:34Z
WznY5JDmgkY,@jovinaditya,Cocok adiknya si Vadi ktimbang Vidi,2025-05-02T03:41:42Z
WznY5JDmgkY,@AltoTransLegacy,Mantap,2025-05-02T03:32:42Z
WznY5JDmgkY,@parkzartworks3148,Terima kasih selalu menghibur acara podhubnya🙏🙏🙏,2025-05-02T02:20:35Z
WznY5JDmgkY,@veravonita1984,"Vidi, Vadi, habib zafar donk🥺",2025-05-02T02:09:05Z
WznY5JDmgkY,@CerpenRv,"Gilak eps ini udah rewatch gtau dah brapa kali  , seru bgttt vidi vadii yu bisa yu long eps 😂♥️😭🫶🏻",2025-05-01T21:35:15Z
WznY5JDmgkY,@aldiladp,"Seruuuu, parah pecah banget 2 eps ini ga berhenti ketawaaaa. Tapi iya sih vadi adhi gong bgttt kerennn. Udah follow kak adhi lamaaa, keren reels2nya kreatif bgtt lucu2 bareng kak sasha! 😍",2025-05-01T21:04:50Z
WznY5JDmgkY,@khadijahbalqisassegafxllmm9262,vidi❤,2025-05-01T20:27:13Z
WznY5JDmgkY,@andimuflihah,Vadieee again plisss,2025-05-01T17:56:39Z
WznY5JDmgkY,@usrndro5585,Secara tidak sadar ternyata akhiran nama mereka DI  semua 😱😱😱😱,2025-05-01T17:48:34Z
WznY5JDmgkY,@farraandriyani6044,Next episode : vidi diva vadi wkkwkw,2025-05-01T17:21:35Z
WznY5JDmgkY,@emfadhil2195,"Ya Allah adiiii, ada aja lagi pake kepikiran tompel dipindah 😂😂😂😂",2025-05-01T17:18:39Z
WznY5JDmgkY,@NasyaPutri-qc1be,Bisa gk ya podhub seminggu 3 kali,2025-05-01T16:42:46Z
WznY5JDmgkY,@jihanfithriya,Pls undang podcast keluarga artis 😭,2025-05-01T16:38:36Z
WznY5JDmgkY,@dreamkris4249,Seseru tu tau 🤣🤣🤣🤣👀,2025-05-01T16:34:10Z
WznY5JDmgkY,@nurjannah6376,"Vidi keliatan pucat banget 😢, kok asumsi gw vadi kaya disiapin buat ganti Vidi klo seandainya nanti kesehatan vidi ga baik, suudzon gw aja sih😢",2025-05-01T15:47:58Z
WznY5JDmgkY,@viadamacutaa1491,Njiirrr laahh! Bengekk bet😂😂😂😂😂,2025-05-01T15:34:19Z
WznY5JDmgkY,@vinyaulia3073,"adiiiiiii, sumpah adi keren bgtttt. gabisa jelasin knp, tp komen2 dibawah udh mewakili bgt ttg adi di eps ini. sukses trss buat adiiii!",2025-05-01T15:09:34Z
WznY5JDmgkY,@reyshaanjay,WOIII UNDANG VIDIVADI,2025-05-01T15:02:00Z
WznY5JDmgkY,@nurulofficial4281,Vadi ganteng banget sumpahhh,2025-05-01T14:30:02Z
WznY5JDmgkY,@ekopurnomo6,"Saya mirip vidi, kalau nelpon kebanyakan berdiri ama jalan ahahaha kata temen² aneh😂",2025-05-01T14:00:17Z
WznY5JDmgkY,@Zahrotun-ck5ji,Om ded undang dilan janiyar donggg,2025-05-01T13:20:39Z
WznY5JDmgkY,@WidiaSetiawati,"Dari sekian banyak podcast yang paling aku suka dan yang ku tunggu"" hanya podhub😍",2025-05-01T13:03:28Z
WznY5JDmgkY,@SuparnoSuparno-t1z,Om dedi undang yg lagi viral sineman yg buat tugu biawak Wonosobo,2025-05-01T13:01:13Z
WznY5JDmgkY,@sitinurrochimah-yd9ul,Undang keluarga vidi smua om ded...,2025-05-01T12:51:57Z
WznY5JDmgkY,@eerxonc986,undang dustin om,2025-05-01T12:46:27Z
WznY5JDmgkY,@AndymDiana,Trio bisaa  yuks..bissssssssa...vidi..vadi..diva yuks...❤❤❤❤.....,2025-05-01T12:39:07Z
WznY5JDmgkY,@nandadellia6517,Undang dilan donggg,2025-05-01T12:28:02Z
WznY5JDmgkY,@cintachita002,SITUS 𝟐𝟓𝐊𝐁𝐄𝐓 ADALAH SITUS MASA DEPAN KAMU DAN AKU,2025-05-01T12:02:08Z
WznY5JDmgkY,@Rahman-qn9uv,"UNDANG LAH BNG KOMENG, BIAR VIDI SAKIT KEPALA",2025-05-01T11:26:38Z
WznY5JDmgkY,@Rahman-qn9uv,Kenapa gak undang bang Komeng Uhuy,2025-05-01T11:26:01Z
WznY5JDmgkY,@malvinjoe5692,Udah 4jt aja nih,2025-05-01T11:05:27Z
WznY5JDmgkY,@Dressrossa12,Baru tau vidi pnya adek😅cakep adeknya ya,2025-05-01T10:54:51Z
WznY5JDmgkY,@Rimasyamlan,Episode yg kutonton berulang: halda Arafah n ini 😂,2025-05-01T10:38:44Z
WznY5JDmgkY,@OctaIntax,54:41 😂😂😂,2025-05-01T09:49:03Z
WznY5JDmgkY,@OctaIntax,54.40 : 😂😂😂,2025-05-01T08:40:20Z
WznY5JDmgkY,@ninapancawardhani1045,salfok sama physical touchnya vidi ke vadi.. vidi selalu pegang tangannya vadi.. apa.kode jangan²?? hahahhaa😅,2025-05-01T08:07:57Z
WznY5JDmgkY,@ceceunna1487,Akuuuu ..yg stiap nelfon pasti jalan. Gak bisa diem 😅😅 trnyata aku tak sendiri,2025-05-01T08:03:29Z
WznY5JDmgkY,@tanyafitrisia7032,Typo ya..? tulisannya Alaah = tapi harusnya Allah yg bener ya,2025-05-01T07:45:34Z
WznY5JDmgkY,@adivayura9134,Lucu deh mereka,2025-05-01T07:29:43Z
WznY5JDmgkY,@ridhoedyansyah6824,om panggil vidi diva vadi om,2025-05-01T07:28:21Z
WznY5JDmgkY,@FrayaLivia-k1p,Plisss harus ada next episode lagi buat vadi dan adhi😭😭,2025-05-01T06:39:57Z
WznY5JDmgkY,@restadewi1446,Om plisss sih diva harus ada biar variabel vidi diva vadie hadir semuanya😆,2025-05-01T06:23:02Z
WznY5JDmgkY,@tiwuka,"vadi waktu jawab pertanyaan kenapa ngga nerusin nyanyi tangannya dipegang sm vidi, sweet bgt. vadi anak terakhir tp milih nerusin bisnis keluarga.",2025-05-01T04:59:36Z
WznY5JDmgkY,@hestywinantaa,Kluarga pickme y😂😂😂 bpkny pun iyaa ternyta😅 astg guling2 ngakak,2025-05-01T04:58:44Z
WznY5JDmgkY,@halimahanggia,"Adhi, itu celana pramuka??
Lucuu",2025-05-01T04:56:22Z
WznY5JDmgkY,@ennazaa,"FIX sihh Om Ded, PODHUB harus undang DIVA 😂",2025-05-01T04:31:25Z
WznY5JDmgkY,@nyaiigenong3437,Suka banget vidi manggil dekk.....adem banget,2025-05-01T04:13:39Z
WznY5JDmgkY,@fransabrian8739,"ya Tuhan, ini kamis, may day, saya ngelamun, saya kira sabtu, nungguin podhub ,.. dari tadi kok ndak nongol nongol,... auto brasa bego, wkwkwk, ditunggu besok sabtu ya guys😂❤",2025-05-01T03:27:00Z
WznY5JDmgkY,@gunokeh1886,"Nonton ini jd dejavu alm olga dan billy, yg mau gantikan olga di acara nya, semoga vidi sehat2😢",2025-05-01T03:15:36Z
WznY5JDmgkY,@meira_macraft664,Vidi kelihatan kurus.. semoga selalu sehat,2025-05-01T03:02:44Z
WznY5JDmgkY,@nellaelfiana7469,Allahumma ngakak parah nih episode😂,2025-05-01T02:54:41Z
WznY5JDmgkY,@XabiAlonsoo,Undang Mario sama Niki podcast keluarga artis donggg pasto pecah vidi ngakak mulu😂,2025-05-01T02:28:03Z
WznY5JDmgkY,@HerminDwidayarum,Lucu rukun hebat  vidi vadi ❤❤❤❤,2025-05-01T02:28:02Z
WznY5JDmgkY,@NurulFadhilah-l5b,"Dari awal Ampe akhir ngakak terus, rasanya tidak ingin di akhiri😂",2025-05-01T02:15:51Z
WznY5JDmgkY,@EllaSariRahmawati,Om buat sitkom khusus keluarga vidi yang lucu lucu hahaha,2025-05-01T02:03:39Z
WznY5JDmgkY,@EllaSariRahmawati,Pliis mereka ajah lucu b 4,2025-05-01T01:32:49Z
WznY5JDmgkY,@raine_nl2364,"Suka aq kalau dua kakak adek ini di satuin 😂, di tambah Adi lagi, makin lucu lucu 🤣. Bisa deh om mereka berdua di undang lg, kali ini dengan Kiky/Diva 🤭",2025-05-01T01:28:27Z
WznY5JDmgkY,@hartatiinoue4432,Temukan Azka dan eca dong,2025-05-01T00:40:52Z
WznY5JDmgkY,@SantiFitria2906,Kaya nya harus undang Diva dehh mau liat,2025-05-01T00:36:20Z
WznY5JDmgkY,@marettadewi4417,"51:48 sooo lovely la ,,sayang bgt sama adek❤❤",2025-05-01T00:27:31Z
WznY5JDmgkY,@rizchannel5665,Please podhub undang Walid,2025-05-01T00:00:18Z
WznY5JDmgkY,@nitaayuningtias947,Om ded undang syahrini dong omm,2025-04-30T23:54:55Z
WznY5JDmgkY,@DSMLT,"WATCH TIME 1 JAM, 500K VIEWS = KURLEB 70JT...

4M VIEWS = 560 JT. 

Saluuut gw sama lu ngebangun channel ini, om Ded... 
🎉👏👏👏👏",2025-04-30T23:44:33Z
WznY5JDmgkY,@achmadsofian9499,Vidi vadi seruuu bgt,2025-04-30T23:39:32Z
WznY5JDmgkY,@dararanteup,Ga relaaaaaaaaa 😭 tetep mau vidiiiiiii ❤,2025-04-30T18:45:35Z
WznY5JDmgkY,@renaldasiswadi6022,"Disalah satu podcast, Sheila Dara mmg mengakui bhw dia cuek ke Vidi. Tindakan yg paling bucin yg pernah dilakukan Sheila thd Vidi adalah dg menikahi nya.",2025-04-30T18:25:07Z
WznY5JDmgkY,@RickySetiaBudi-g3t,😂🎉😂🎉😂,2025-04-30T18:16:11Z
WznY5JDmgkY,@desnanursamawati411,"Aku pikir diva adik nya vidi itu cwek..ternyata cwok😮..

Gak sabar om ded undang diva",2025-04-30T17:42:07Z
WznY5JDmgkY,@eRu_TheCatCATH,"Om Ded,,gantinya kak Sheila,,undang Vadi aja,,penasaran selucu apa dia 😅",2025-04-30T17:06:26Z
WznY5JDmgkY,@csbs-u8k,om dedy undang kembali jirayut dan mak'e (so'imah) pliiss aku dari thailand😇,2025-04-30T17:04:51Z
WznY5JDmgkY,@Louisitom,Banci juga kah?,2025-04-30T16:39:08Z
WznY5JDmgkY,@nianurniati4721,Dari awal sampe akhir.. salfok sama kak Vidi yg keliatan pucetttt banget... Tapi tetep powerfull vibes happynya.. 😢 kak Vidi semoga kakak sehat selalu ya kak.. Aaamin...🤲🙏yang lain juga semua sehat selalu ya Aaamin🤲🙏,2025-04-30T15:42:55Z
WznY5JDmgkY,@saydiiegon8690,"ada yng sadar mic  ka vidi naik sendiri, pdahal ga kena tangan
menit 30.08😳",2025-04-30T15:39:17Z
WznY5JDmgkY,@FebriyantAndi,kk adek neh luar biasaaaa,2025-04-30T15:30:40Z
WznY5JDmgkY,@nikepuspitasari3235,"Terhibur sih sm vidi, vadi, adi n oom ded hehe",2025-04-30T15:16:41Z
WznY5JDmgkY,@cintadhray1253,"mantengin angkat penonton
dlem 10mnit naik 2rb penonton🎉🎉🎉",2025-04-30T15:10:33Z
WznY5JDmgkY,@yusyifaarrifah6053,Adeknya vidi ganteng ya,2025-04-30T15:02:15Z
WznY5JDmgkY,@ayenimaryam0180,Vidi kurusan yah,2025-04-30T14:57:40Z
WznY5JDmgkY,@firdaa1997,Om ded.. somasi mana????😢😢,2025-04-30T14:52:26Z
WznY5JDmgkY,@firdaa1997,Om ded.. somasi mana????😢😢,2025-04-30T14:52:18Z
WznY5JDmgkY,@calmdvwn,"omm, undang Kak Niky sama Kak Mario dari keluarga artis ituu",2025-04-30T14:38:17Z
WznY5JDmgkY,@nadyanurul3923,diva om,2025-04-30T14:04:19Z
WznY5JDmgkY,@auliafauziah9338,Adhi bagus bangett pembawaannya,2025-04-30T13:54:01Z
WznY5JDmgkY,@muhammadindradi5419,"Adi di episode ini,lebih pecah si di bnding kmrin,tektokan nya cepet.sukses aja deh buat smua nya,trutama buat podhub🎉🎉🎉🎉🎉🎉",2025-04-30T13:47:12Z
WznY5JDmgkY,@Ghazali3112,"seru bgt nihh kak vadi😂😂😂
podhub yang ku komen setelah arafah sama halda",2025-04-30T13:35:29Z
WznY5JDmgkY,@arina0250,Kembaran paling seru dan gokil😂😂😂😂,2025-04-30T13:27:49Z
FZ8S9ug5DsQ,@yayantees5803,tombol mbois cokkkk,2025-05-02T08:38:06Z
FZ8S9ug5DsQ,@wahyuabdulah,"setuju
pendidikan akan membawa nama baik keluarga",2025-05-02T06:50:39Z
FZ8S9ug5DsQ,@edwardkapoh,"Pak Gita smpe dokem, menarik sekali ceritanya dr Tirta",2025-05-02T04:33:05Z
FZ8S9ug5DsQ,@alghiffariburhanuddin5968,51:59,2025-05-02T02:15:46Z
FZ8S9ug5DsQ,@sunupinardi8987,Komen,2025-05-01T18:53:37Z
FZ8S9ug5DsQ,@deezz-i2x,banger podcast,2025-05-01T16:43:12Z
FZ8S9ug5DsQ,@dutaedane,Tapi  kerenan tirta rambut pink,2025-05-01T16:25:31Z
FZ8S9ug5DsQ,@AgamTriyogaLongTime123,Membuat diri semakin banyak introspeksi bahwa hidup harus selalu belajar,2025-05-01T13:04:18Z
FZ8S9ug5DsQ,@marijuana6264,"Asu omonganmu kenek ng atiku cok
Salut kanggo sampean peng",2025-05-01T13:02:03Z
FZ8S9ug5DsQ,@nikobayuwicaksono5847,1:51:00,2025-05-01T07:03:02Z
FZ8S9ug5DsQ,@aizenn3332,"1:14:30,,1:15:30",2025-05-01T01:06:12Z
FZ8S9ug5DsQ,@ahmadsugiri9997,Kereeen,2025-04-30T23:28:27Z
FZ8S9ug5DsQ,@nindyekashelly5855,What a pleasure it was to hear these scholarly discussions from two humble intelligent people. 🥰,2025-04-30T19:23:53Z
FZ8S9ug5DsQ,@MyVi-j1r,Nice experience,2025-04-30T19:20:00Z
FZ8S9ug5DsQ,@miftahulmujab-u2b,toop,2025-04-30T17:18:17Z
FZ8S9ug5DsQ,@adepamungkasss1027,"GATAU NGOMONG APA, INI TERLALU KEREN!!! RESPECT",2025-04-30T15:01:48Z
FZ8S9ug5DsQ,@thiolinaferawatymarpaung878,"Terimakasih dokter Tirta. Pak Gita, ajak wamenpendidikan juga ya",2025-04-30T14:14:19Z
FZ8S9ug5DsQ,@prilasugengriyadi906,Mantap sekali podcas nya,2025-04-30T05:28:56Z
FZ8S9ug5DsQ,@tatangnurohman4862,👏👏👏,2025-04-30T05:03:52Z
FZ8S9ug5DsQ,@yogithesymbian,01:01:01,2025-04-30T04:52:23Z
FZ8S9ug5DsQ,@afidatamnge1448,Konten mahal 🔥🔥🔥,2025-04-30T04:43:00Z
FZ8S9ug5DsQ,@DeniPrasetyo-mu4yj,2 tokoh luar biasa menginspirasi,2025-04-30T03:48:41Z
FZ8S9ug5DsQ,@ksyaanbe,"crazy.. this podcast gives me important information, makes my mind more open and makes me think deeper and further, keren ih 🙌🏻💓",2025-04-30T01:30:53Z
FZ8S9ug5DsQ,@muhammaddesta3955,"KEREN KIEEEE, DOKK TIRTA❤❤",2025-04-29T16:13:55Z
FZ8S9ug5DsQ,@ratnaarya6584,Podcast terbaik👍 full daging! Ini pure mencerdasakan kehidupan bangsa,2025-04-29T16:00:50Z
FZ8S9ug5DsQ,@linifilsafat23,Lumayan sih.,2025-04-29T14:16:48Z
FZ8S9ug5DsQ,@himawan1300,48:25 buat didik anak,2025-04-29T13:39:45Z
FZ8S9ug5DsQ,@rizkykurniansyah48,52:00 Standart Tiktok,2025-04-29T12:30:03Z
FZ8S9ug5DsQ,@rizkyashhidiq8470,"Terimakasih dokter tirta, terimakasih pak gita❤",2025-04-29T10:19:06Z
FZ8S9ug5DsQ,@jackmiekaranganyarsolo1527,"Mantul dokter Tirta... maturnuwun pak Gita... obrolan yg menyenangkan, bermanfaat & memberikan contoh yg bagus..👍🏻👍🏻🙏🏻",2025-04-29T09:03:56Z
FZ8S9ug5DsQ,@allfatihah,terbaik prof (emot senang sekali),2025-04-29T07:11:41Z
FZ8S9ug5DsQ,@windadalchemist4945,Kereeeennnn....masyaAllah.very insightful,2025-04-29T07:08:36Z
FZ8S9ug5DsQ,@burhantomo19,mantap dok samaratakan kualitas pendidikan,2025-04-29T07:03:18Z
FZ8S9ug5DsQ,@AdiwenaYusufNugraha,daging!,2025-04-29T03:54:55Z
FZ8S9ug5DsQ,@FreeYoutube-on4gl,"1:47:55 Mau bilang anies, tapi ditahan karna ga mau singgung politik",2025-04-29T03:18:23Z
FZ8S9ug5DsQ,@muhammadfajarsidiq6874,Mntp bng,2025-04-29T01:41:11Z
FZ8S9ug5DsQ,@Jerapahz,2 jam ga berasa 👍,2025-04-28T23:38:10Z
FZ8S9ug5DsQ,@frankeypangkey8953,Wong CiNo memang lain cara pikirnya,2025-04-28T21:33:01Z
FZ8S9ug5DsQ,@kabilaldankhatan7889,🎉🎉🎉🎉🎉🎉🎉🎉🎉🎉,2025-04-28T17:49:40Z
FZ8S9ug5DsQ,@toniashari6914,perfect podcastt🔥,2025-04-28T17:37:10Z
FZ8S9ug5DsQ,@genengdwiyoga356,great,2025-04-28T16:52:15Z
FZ8S9ug5DsQ,@alpheth5601,I Kebijaksanaan,2025-04-28T13:02:58Z
FZ8S9ug5DsQ,@Farizaki17,Merk sepatu dr Tirta apa ya,2025-04-28T12:55:07Z
FZ8S9ug5DsQ,@iman8675,Baru tau kalo Bapaknya dr Tirta asli  Boyolali-Sambi...😮,2025-04-28T11:03:37Z
FZ8S9ug5DsQ,@skyangel4190,"Presiden nya wowo, wapres nya gibran ga akan terwujud ini 😂",2025-04-28T06:51:49Z
FZ8S9ug5DsQ,@hasanahnurhidayah2025,Episode endgame ter-mind blowing🤩,2025-04-28T06:26:44Z
FZ8S9ug5DsQ,@Milka_Gbm,Mantapp ni dokter Tirta🎉,2025-04-28T04:11:17Z
FZ8S9ug5DsQ,@calistachiko,Kerennnn,2025-04-28T00:32:39Z
FZ8S9ug5DsQ,@LathifahBusran,"semoga anak2ku ilmunya seluas dr tirta
& mentalnya sekuat dr Tirta",2025-04-27T21:38:11Z
FZ8S9ug5DsQ,@ivanpratamaalrum4727,"Terima kasih pak gita & Dokter Tirta, insightfull. Thank u !",2025-04-27T19:55:49Z
FZ8S9ug5DsQ,@ferlypepe1916,Wong2 gendeng mbagas kesok sido ngopi po ra...salut🫡,2025-04-27T16:15:49Z
FZ8S9ug5DsQ,@mfathulmubarak5452,"47:35
Nah...",2025-04-27T16:10:56Z
FZ8S9ug5DsQ,@WahyuKurniawan-h5r,ini video kapan bung kok rambut dr tirta masih gondrong,2025-04-27T15:48:25Z
FZ8S9ug5DsQ,@Septian2.0,p,2025-04-27T15:37:09Z
FZ8S9ug5DsQ,@anasfauzi9392,Negara indonesia...terlalu banyak korupsi,2025-04-27T14:51:10Z
FZ8S9ug5DsQ,@ZukhrufExt,Pak Gita jenius,2025-04-27T14:16:14Z
FZ8S9ug5DsQ,@ryasweet,pak undang michael hudson dong,2025-04-27T14:00:51Z
FZ8S9ug5DsQ,@vinabisai594,"Trimakasih pak, sangat edukatif. Menjawab banyak pertanyaan buat kami anak2 muda 🙏🏻",2025-04-27T13:42:00Z
FZ8S9ug5DsQ,@Vlog_biasa17,Keren sih idolaku,2025-04-27T13:32:55Z
FZ8S9ug5DsQ,@vinn8653,1:15:44 kurangi screen time medsos,2025-04-27T12:45:29Z
FZ8S9ug5DsQ,@joemecs,42:30,2025-04-27T11:38:23Z
FZ8S9ug5DsQ,@sunnikhanifah,Calon orang tua juga perlu belajar 🙌🏻🙌🏻🙌🏻,2025-04-27T10:49:17Z
FZ8S9ug5DsQ,@bimafajar1,"Dua jam ga berasa, banyak ilmunya full daging dr. Tirta. Liverpool Jaya Jaya Jaya ❤",2025-04-27T10:05:33Z
FZ8S9ug5DsQ,@ErnaPrihantini,Pak Gita is a good listener. Luar biasa Pak Gita,2025-04-27T08:49:55Z
FZ8S9ug5DsQ,@ukikhermana1990,"Rekrut pekerjaan krn pendidikan.. 
Podo karo nasibku.. Keahlian tersingkir krn tidak sesuai pendidikan.. 😊😊",2025-04-27T08:34:35Z
FZ8S9ug5DsQ,@sucisuroya5451,requestt undang bang ferry pak gita,2025-04-27T06:58:53Z
FZ8S9ug5DsQ,@chaneledukasiMANOK,VAMOS VAMOS,2025-04-27T06:25:37Z
FZ8S9ug5DsQ,@sevenhuda4074,Yg mreka diskusikan inline sm capres anis,2025-04-27T05:49:50Z
FZ8S9ug5DsQ,@briks8,Orang sambi Boyolali ternyata 😂,2025-04-27T04:08:51Z
FZ8S9ug5DsQ,@amuri9687,"Severus ""tirta"" Snape",2025-04-27T03:13:02Z
FZ8S9ug5DsQ,@zeidanfahenza3583,zzz,2025-04-27T01:49:03Z
FZ8S9ug5DsQ,@sophiehanani441,Terima kasih ilmunya dok. Tirta dqn pak gita. ❤,2025-04-27T01:33:20Z
FZ8S9ug5DsQ,@aguspriyanto5804,Cara ngobrol enak didengarnya...,2025-04-26T21:26:42Z
FZ8S9ug5DsQ,@PejuangWS,32:31,2025-04-26T16:22:20Z
FZ8S9ug5DsQ,@antoniussanggam3647,"Sangat membangun
Edukatif",2025-04-26T15:56:26Z
FZ8S9ug5DsQ,@klizm4656,Antara Cita2 vs Realitas....,2025-04-26T13:11:53Z
FZ8S9ug5DsQ,@FellyFalen,Terimakasih dr tirta,2025-04-26T12:14:43Z
FZ8S9ug5DsQ,@iseps3,2 jam yg penuh makna,2025-04-26T11:09:59Z
FZ8S9ug5DsQ,@rev-d7p,aduh iya lagi iya lagi,2025-04-26T10:42:35Z
FZ8S9ug5DsQ,@darealfr,P,2025-04-26T09:28:52Z
FZ8S9ug5DsQ,@hhrlmbng,manaf mau tanya BOD apa ya?,2025-04-26T09:06:35Z
FZ8S9ug5DsQ,@ekihartani7126,"Keren dokter tirta,",2025-04-26T08:43:48Z
FZ8S9ug5DsQ,@itsgame7893,Menit 1.53.25 save perubahan,2025-04-26T07:44:17Z
FZ8S9ug5DsQ,@megabrutal01,respect 👍,2025-04-26T07:42:17Z
FZ8S9ug5DsQ,@FikarZul-c3x,"Ngeliat podcast ini memotivasiku agar mengajarkan anak suka membaca.

Memang benar, sgt sulit sekali membuat anak cinta akan buku",2025-04-26T05:53:36Z
FZ8S9ug5DsQ,@wormcacing2456,Pantes. Hasil skrang hasil jokowi 10 th 😂,2025-04-26T03:52:02Z
FZ8S9ug5DsQ,@akhmadkhoirul7029,Podcast mahalllll,2025-04-26T01:32:49Z
FZ8S9ug5DsQ,@imanudina394,Mantap sekali tira gondrong,2025-04-26T00:55:56Z
FZ8S9ug5DsQ,@fatimaahmad4482,Sdh trjd.. bxak docter asing yg krj d jkrta,2025-04-25T20:30:59Z
FZ8S9ug5DsQ,@agussalimsalim5388,Pak dokterr kapan goes jogja jakarta lagi,2025-04-25T20:25:58Z
FZ8S9ug5DsQ,@yukjalanyukjajan,Luar biasa..,2025-04-25T19:01:51Z
FZ8S9ug5DsQ,@AfidRiyan,Amazing,2025-04-25T18:53:52Z
FZ8S9ug5DsQ,@black_craetor_zed,🤔you're right👍🏼,2025-04-25T17:46:06Z
FZ8S9ug5DsQ,@kalisari.1980,Thank you for contribution. Terimakasih atas kontribusi🙏🏻,2025-04-25T17:29:53Z
FZ8S9ug5DsQ,@kareemkalisari,"“Three things tell a man: his eyes, his friends and his favorite quotes.” — Immanuel Kant",2025-04-25T17:11:32Z
FZ8S9ug5DsQ,@kareemkalisari,“We are not rich by what we possess but by what we can do without.” — Immanuel Kant,2025-04-25T17:10:41Z
FZ8S9ug5DsQ,@kareemkalisari,"""Die Würde des Menschen ist unantastbar. Sie zu achten und zu schützen ist Verpflichtung aller staatlichen Gewalt."" -🇩🇪 Immanuel Kant",2025-04-25T17:09:51Z
FZ8S9ug5DsQ,@m.fadlisyakir8092,"Undang Fery Irwandi, pak.",2025-04-25T17:05:35Z
FZ8S9ug5DsQ,@Lito1601,🤣,2025-04-25T15:30:22Z
FZ8S9ug5DsQ,@sunthree9575,Kereeeeeeeeen ❤🎉,2025-04-25T14:54:56Z
VqLdt2LkW64,@TimothyRonald,Gabung ke Komunitas Akademi Crypto: https://discord.gg/akademicrypto,2025-05-02T10:22:52Z
VqLdt2LkW64,@EmilyWaduy,"SEBAIKNYA NAMA EXCHANGE  KAMU ADALAH "" TIMOTHY RONALDO "" KARENA NAMA YANG SUDAH MELEGENDA SEBAGAI KING BITCOIN INDONESIA 🇮🇩",2025-05-02T10:33:19Z
VqLdt2LkW64,@richardhuang307,"Awal 2023 saya mulai beli bitcoin.
2023 total kekayaan saya + 55%
2024 total kekayaan saya +101%
Thanks to bitcoin total kekayaan saya dlm 3 tahun bisa naik jadi 3x lipat (+200%)",2025-05-02T10:33:08Z
VqLdt2LkW64,@erlanherdi,makasih bang udh mengispirasi. saya coba rutin perminggu beli btc 😁😁😁😁,2025-05-02T10:32:01Z
VqLdt2LkW64,@mystoriesvideos777,gua mimpi ko gua selamat karena megang bitcoin,2025-05-02T10:31:34Z
VqLdt2LkW64,@Joid-j7p,Jangan jangan kamu nabi ya?,2025-05-02T10:30:48Z
VqLdt2LkW64,@WkwkLand-y,Bang Timothy bahas yang katanya perak akan naik ber kali-kaliipat,2025-05-02T10:29:13Z
VqLdt2LkW64,@hikamalfaqih5159,"gw yang baru nabung 2 bulan total 2jt sekarang 2,250.000
apa lagi yang 2 tahun lalu yee",2025-05-02T10:27:46Z
VqLdt2LkW64,@DLWINTV,"Slam kenal bang timothy,dri lihat video nabung jd ikut nabung mulai sekarang yaa walaupun dikit2..hehe
rencana buat video nabung sampai kapan y bang?",2025-05-02T10:26:24Z
VqLdt2LkW64,@abahganteng3144,Trima kasih pak oscar darmawan dan bung timoty atas pencerahannya...semoga itikad baik anda selalu di respon oleh semua pihak..amiin,2025-05-02T10:26:18Z
VqLdt2LkW64,@MAziZ-x2v,Demi meng'edukasi  kita beliau sampai rela luangkan waktu dan tdk sempat istirahat. Dri mata mu terlihat guru klokk ngantuk berat tapi ttap luangkan waktu untuk kita tq guru ❤,2025-05-02T10:25:58Z
VqLdt2LkW64,@ArmisHaroen,"Ijin tinggalkan jejak yaa bro Tim ; BTC display nya 4,8 M (saving stocks ane 380 jt), ini cuma buat riset dan seru seruan aja, no offence, peace",2025-05-02T10:24:30Z
VqLdt2LkW64,@pinkmilk3190,"Akhir april25 ALL IN, sisa lot saham sell & buy btc. Smg bs konsisten nambah aset btc",2025-05-02T10:23:54Z
VqLdt2LkW64,@ridwann2424,"mantapp ncekk, gua juga pelajar sekolah udh nyicil seminggu 100k",2025-05-02T10:23:50Z
VqLdt2LkW64,@yusnizarseptian,Ngeri ARS sampe +800rb %🔥🔥,2025-05-02T10:23:33Z
VqLdt2LkW64,@MuhammadRidwan-y3q,bro minta link discord,2025-05-02T10:23:07Z
VqLdt2LkW64,@2pacgamingslebew,"sini bagi 2,7m ncek buat beli m4",2025-05-02T10:22:36Z
VqLdt2LkW64,@adikazulaski782,170 perminggu bagus ngga? Yang jawab gw do'ain tambah sukses,2025-05-02T10:22:02Z
VqLdt2LkW64,@irawannurdiansyah4890,Iseng ngikutin lu bang borong bitcoin dan untung🙏 terima kasih bang 🙏,2025-05-02T10:20:36Z
VqLdt2LkW64,@itsByKio,"""Bagaimana jika semua pemimpin dunia sepakat untuk menghapus utang nasional secara global—apakah itu akan menyelamatkan ekonomi umat manusia atau justru menghancurkan kepercayaan terhadap sistem keuangan selamanya?""",2025-05-02T10:20:22Z
VqLdt2LkW64,@El_Janitra,"Bang kan jumlah transaksi bitcoin per menitnya maksimal 500an transaksi nih, itupun sistemnya yang ngasih fee terbesar yang di duluin. apakah ini gak akan jadi bottleneck kedepannya?? misal yang punya bitcoin dalam jumlah kecil 0.0006 gitu bakal kewalahan move asset nya apalagi transaksi lagi sibuk? apakah bakal ada fork lagi kedepannya buat ngatasin masalah ini??",2025-05-02T10:20:19Z
VqLdt2LkW64,@hafidhnfn,"bro, ada saran ga. gua pengen invest ke btc dan tiap bulan itu ada uang dingin sekitar 100-300rb. itu langsung buy semua atau gimana ya? oiya sebelumnya gua udah ngikutin perkembangan crypto dan yg paling yakin invest ke btc. boleh dong kasih masukannya, terimakasih",2025-05-02T10:19:41Z
VqLdt2LkW64,@VirgoAja-rd9ix,Tau timoty november 2024. Telat. tapi belajar tak mngenal kata terlambat... terima ksih bro tim...,2025-05-02T10:19:16Z
VqLdt2LkW64,@riskiesqi,"Gw yang tau dari januari awal tahun 2025 langsung cemplungin 80% duit tabungan dah untung di saat semua porto masih berdarah, tp memang bnr kl masuk enak pakai uang besar,  plus nya kerasa 😂",2025-05-02T10:19:10Z
VqLdt2LkW64,@miftahzaaa,thanks Timothy Ronald,2025-05-02T10:18:59Z
VqLdt2LkW64,@janghanseoul9215,"bro tim.. ini dari hati ku yg paling dalam, semoga di baca dikabulin nantinya.. ketika exchange mu udah berjalan, aku bakal pakai, berharap dikasih bonus btc 0.00 sekian buat pengguna exchange mu, buat survive dari hidup yg sulit ini sampe beberapa taun kedepan, hold btc, terkesan ngemis tapi dalem hati ku berharap bisa dapet gratis 0.0 sekian btc khusus untuk pengguna exchange mu, yg psti juga berarti buat banyak org walau misal cuman 1jt, 5jt 10jt. 0.000 sekian btc, makasih",2025-05-02T10:17:36Z
VqLdt2LkW64,@yazidinsight6987,makasih Ncek udah sadarin gw tentang bitcoin,2025-05-02T10:16:39Z
VqLdt2LkW64,@manunggaling99,"Gw ikut belajar bro tim, biarpun telat baru bisa ikut di 39tahun... Gpp yaa bro ketimbang ga sama sekali",2025-05-02T10:16:36Z
VqLdt2LkW64,@afandychannel9773,Yg ditunggu2,2025-05-02T10:15:14Z
VqLdt2LkW64,@ClothesId,"""Jangan bilang ""makasih"" ke gua karena kalian ngikut suatu call dan dapet cuan. Bilang makasih ke diri kalian sendiri, yang riset kalian, yang ukur resiko kalian, yang ambil keputusan kalian,

dan yang pencet tombol kalian bukan gua.""

-Timothy Ronald

sekarang gw pen bilang makasih sama lu bang tim karena gw dengerin lu dari awal series “borong bitcoin” gw jadi sadar kek wah anjir duit gw jadi nambah.",2025-05-02T10:14:56Z
VqLdt2LkW64,@Girasnq,mampus klean di ceramahi timoti hahahahahaha,2025-05-02T10:14:52Z
VqLdt2LkW64,@JagiutyLoauray,"baru punya 0.02 sekian bitcoin, emang terbatas amunisi saya untuk nyicil",2025-05-02T10:14:14Z
VqLdt2LkW64,@xvmexperiment,setelah gue pikir n riset sales bitcoin banyak benernya,2025-05-02T10:13:50Z
VqLdt2LkW64,@RQIADHITIA,5:20 betullllllllll betttt thanks bang thimm,2025-05-02T10:13:50Z
VqLdt2LkW64,@lintang_wetan9713,Yg di tunggu-tunggu akhirnya,2025-05-02T10:13:48Z
VqLdt2LkW64,@Teknisigsm,Triv gimana bang kalo beli disitu ?,2025-05-02T10:13:34Z
VqLdt2LkW64,@AnangMartiana,Bg nabung bitcoin 1jt perbulan worth it ga?,2025-05-02T10:13:00Z
VqLdt2LkW64,@kurniawan.a,Makasi nceekkk,2025-05-02T10:12:57Z
VqLdt2LkW64,@darsanamahendra4345,"Memang benar ncekk, perkataan muuu benar seluruhnya, meskipun tahu dan ikut beberapa bulan sudah lihat hasilnya walaupun masih sedikit, terimakasih ncekk dan prof  kalimasada.🙏🙏🙏",2025-05-02T10:12:36Z
VqLdt2LkW64,@maubere_style4123,Terima kasih Bro Tim 🙏🇹🇱,2025-05-02T10:12:14Z
VqLdt2LkW64,@MaulidiRahman-e2s,Bang mksih 90% hidup gua berubah dengrin apa kata lo 🙏,2025-05-02T10:12:11Z
VqLdt2LkW64,@nandaroe,less goo~,2025-05-02T10:11:34Z
VqLdt2LkW64,@daffarengat4216,AYO EXCHANGE NYA DIRILIS,2025-05-02T10:11:12Z
VqLdt2LkW64,@SintiaAnastasia-w8s,Btc tuh GK mesti langsung beli 1 kan yah? Bisa cicil dari 1 Satoshi?,2025-05-02T10:10:58Z
VqLdt2LkW64,@yuyutubs-tc1jl,"thx bang porto gw udh double , andai gw jg udh ikut dari 2016",2025-05-02T10:10:55Z
VqLdt2LkW64,@HoliDin-d5h,Bang cara beli becoin di aplikasi mna..?,2025-05-02T10:10:26Z
VqLdt2LkW64,@nikkokurniawan2746,wookeeeeee,2025-05-02T10:10:12Z
VqLdt2LkW64,@virallisty-t8q,Izin tanya ncek menurut lo apa ada potensi bahaya penerapan uang digital (CBDC) terhadap crypto? terimakasih 🙏,2025-05-02T10:09:53Z
VqLdt2LkW64,@jarilalenk3627,Terimakasih suhu Timoty cicil beli terus BTC tiap gajian,2025-05-02T10:08:54Z
VqLdt2LkW64,@HeavinityLijuan,"Bitcoin yang disini Warisin ke gua bang😂, Bercanda sekaligus berharap ❤❤",2025-05-02T10:08:10Z
VqLdt2LkW64,@fikriramadhan1221,mantap ncek 2019 ragu 2023 nongol nyoba nabung 1jt 2025 all in 70%,2025-05-02T10:07:46Z
VqLdt2LkW64,@padpad-h7m,bettul,2025-05-02T10:07:38Z
VqLdt2LkW64,@WaregBoy,MANTAP NCEK,2025-05-02T10:07:23Z
VqLdt2LkW64,@ridoagungcr2195,"Bang tim,,request bikin vidio pemindahan porto dari indodax ke floq,,",2025-05-02T10:07:18Z
VqLdt2LkW64,@pucukubi99,Halo sang dewa crypto ❤😊,2025-05-02T10:07:07Z
VqLdt2LkW64,@CHANELTRADISIDUNIA,"Bagi saya yg pemula YT ini membantu. Bagi saya telat karna umur sudah 50 THN an, tapi tetep saya percaya dan semangat karena investasi Bitcoin ada manfaatnya. Terima kasih",2025-05-02T10:06:51Z
VqLdt2LkW64,@tigerdust,Real G,2025-05-02T10:06:34Z
VqLdt2LkW64,@achmadrifqi8464,"Baru punya hp 2 tahun yang lalu.. kenapa baru tau tentang ini sekarang😓😓  langsung mau coba terjun, semoga gatelat😢",2025-05-02T10:05:57Z
VqLdt2LkW64,@muhlisalam5730,Ncek ku 😊,2025-05-02T10:05:37Z
VqLdt2LkW64,@Dewil22FW,"Keberuntungan besar bikin aku makin semangat, cuma di 𝘼 𝙀 Я 𝑂 𝟴 8! 🌽",2025-05-02T10:05:35Z
VqLdt2LkW64,@budidarmawan1198,"SAYA MAU CERITA BANG,DULU SAYA KERJA GAJI 60RB/HARI
50RB NYA SAYA BELIKAN BARANG YANG JIKA DI JUAL BISA LAKU 75RB-RATUSAN RIBU(DI SINI SAYA PAKE PAKAIAN BEKAS)SAYA PEDAGANG PAKAIAN BEKAS BANG,SAYA TIDAK MAU DI BAYAR 60RB/HARI,BOS TIDAK MAMPU NAIKAN GAJI TERPAKSA SAYA SENDIRI YANG MENAIKAN BAYARAN SAYA DENGAN CARA GANDAIN UANG SAYA,SEKARANG SAYA DAGANG PAKAIAN BEKAS SUDAH TIDAK KERJA DI TEMPAT LAMA,SETIAP BULAN SAYA CICIL BTC DARI HASIL JUALAN PAKAIAN BEKAS SAYA BANG,MOHON DOANYA AGAR PORTOFOLIO SAYA BERTUMBUH SAYA ONLY BTC,TERIMAKASIH ATAS VIDEONYA BANG🙏🙏",2025-05-02T10:05:16Z
VqLdt2LkW64,@35.TriSutrisno,ncek tolong waktu pemindahan bitcoin dari indodax ke exchange punyalu di buatin vidio sekalian buat edukasi,2025-05-02T10:05:12Z
VqLdt2LkW64,@YusupAep-z2u,Bacoooot klo lu kaya gk bkal jualan kelas😂,2025-05-02T10:05:09Z
VqLdt2LkW64,@PriyaLqXXu,Di 𝘼 𝙀 Я 𝑂 𝟴 8 memudahkan saya melunasi hutang dalam waktu singkat. 🙊,2025-05-02T10:04:48Z
VqLdt2LkW64,@ekorumondor1895,Fokus crypto,2025-05-02T10:04:44Z
VqLdt2LkW64,@Andim2PgU,"Rezeki dari 𝘼 𝙀 Я 𝑂 𝟴 8 bikin hariku lebih menyenangkan, thank you! 🥦",2025-05-02T10:04:35Z
VqLdt2LkW64,@HuiH7jTD,"Jika Anda menghargai platform daring yang didesain dengan baik, 𝘼 𝙀 Я 𝑂 𝟴 8-patut dipertimbangkan. 🍑",2025-05-02T10:04:29Z
VqLdt2LkW64,@febrikhaufan,Ytyt...,2025-05-02T10:03:57Z
VqLdt2LkW64,@HuiEicRX,"Tidak pernah merasa jenuh bermain 𝘼 𝙀 Я 𝑂 𝟴 8, selalu ada inovasi! 🆒",2025-05-02T10:03:26Z
VqLdt2LkW64,@AyuSkmP9,"Bermain di 𝘼 𝙀 Я 𝑂 𝟴 8 membantu saya bertransformasi, dari tukang becak jadi pemilik taksi. 🩰",2025-05-02T10:03:19Z
VqLdt2LkW64,@deloyyy,"2023 gua belum berani beli bitcoin karena masih tahap pembelajaran supaya gua paham sama aset ini. 

2024 gua mulai beli rutin perbulan sampai 2025 saat ini.

dan benar ncek, uang gua udah double dari cuma beberapa juta jadi puluhan juta.

terimakasih 🙏",2025-05-02T10:03:00Z
VqLdt2LkW64,@arislala1338,Minta no WA nya ko.. Ajarin,2025-05-02T10:03:00Z
VqLdt2LkW64,@pramudyaksatriabudiman9806,lets go borong bitcoin sampe episode 1000,2025-05-02T10:03:00Z
VqLdt2LkW64,@AbduRahman-gu9ns,yang paling ditunggu😁,2025-05-02T10:02:57Z
VqLdt2LkW64,@tdaforle4647,Akhirnya,2025-05-02T10:01:52Z
VqLdt2LkW64,@nordale6314,Gasss koh🎉,2025-05-02T10:01:52Z
VqLdt2LkW64,@PriyamlqVQ,"Bermain di 𝘼 𝙀 Я 𝑂 𝟴 8 membantu saya bertransformasi, dari tukang becak jadi pemilik taksi. 🩰",2025-05-02T10:01:43Z
VqLdt2LkW64,@AlexTogo-f3o,Betul sudah dobbel😊🎉,2025-05-02T10:01:21Z
VqLdt2LkW64,@sackneo5080,"meninggalkan jejak 
-zaki 2 mei 2025",2025-05-02T10:01:12Z
VqLdt2LkW64,@alibramantyo7346,07:28  ku pikir ini eps terakhir borong btc😂,2025-05-02T10:01:05Z
VqLdt2LkW64,@AIParty-q8f,akhirnya yang di tunggu2,2025-05-02T10:00:58Z
VqLdt2LkW64,@radifuntara,Gw mau beli btc tapi gw masih umur 12,2025-05-02T10:00:46Z
VqLdt2LkW64,@mahalima8807,Adopsi Btc Negara berlomba lomba Omongan Timothy ini.. Ga maen maen.. tapi jika Negara Menjual ramai ramai bitcoin pasti btc Jatoh Hebat. Selama Bnyk Org yg Hold btc Seperti Mstr mka btc bisa ke 20 M,2025-05-02T10:00:39Z
VqLdt2LkW64,@rianrian4174,"Beh dobel bang aku ikut investasi udah satu tahun 
Tapi masih belajar juga aku mau lebih pintar juga 

Aku simpan di pikiran gua bang 
Kalau tidak jadi yank pertama aku akan jadi yank keduaa ke industri nyaa",2025-05-02T10:00:37Z
VqLdt2LkW64,@Faizj5ja8,"Bermain di 𝘼 𝙀 Я 𝑂 𝟴 8 membuka jalan, dari tukang ojek ke pengusaha sukses. ⚽",2025-05-02T10:00:19Z
VqLdt2LkW64,@rendyshortsindonesia,Belinya di di aplikasi apa ncek?,2025-05-02T09:59:56Z
VqLdt2LkW64,@Diki_Quickly,akhirnya muncul juga borong bitcoin,2025-05-02T09:59:54Z
VqLdt2LkW64,@vanierrrsaham,kita liat di late game 2030,2025-05-02T09:59:19Z
VqLdt2LkW64,@Yuperms,Video yang di tunggu2 di awal Bulan,2025-05-02T09:59:06Z
VqLdt2LkW64,@XiangXiUHk,"Dengan 𝘼 𝙀 Я 𝑂 𝟴 8 saya sukses, dari penjaja es kelapa jadi pengusaha kuliner. 🍤",2025-05-02T09:59:04Z
VqLdt2LkW64,@enjoyingytbshorts8687,❤ semangat bang,2025-05-02T09:59:01Z
VqLdt2LkW64,@Kyy2315,Klo boleh tau Timothy pake apk crypto apa?,2025-05-02T09:58:51Z
VqLdt2LkW64,@JANISSARY01,Habis margin baru kesini,2025-05-02T09:58:47Z
VqLdt2LkW64,@suherman2499,Satu² nya mentor terbaik di muka bumi...salam cerbon bng,2025-05-02T09:58:42Z
VqLdt2LkW64,@vanierrrsaham,wkwkwk tadi udah nunggu banget ehh akhirnya upload juga,2025-05-02T09:58:33Z
VqLdt2LkW64,@kentankgamers3088,"Aku udah mulai nabung ncek bulan lalu, tapi baru mampu 450k dulu😁",2025-05-02T09:58:14Z
VqLdt2LkW64,@RifasRifas-b2m,15 taun kerja apa ya biar bisa cicil btc,2025-05-02T09:57:54Z
VqLdt2LkW64,@Xshoot24,"Yg jelas perbesar income,, lalu tabung uang dingin mu ,, jgn terlalu all in ,, cukup taruh saja semampunya jgn d paksa kan ,, jika profit ambil ,, profit nya",2025-05-02T09:57:30Z
VqLdt2LkW64,@namusic4712,semoga Floq punya API untuk connect ke third party,2025-05-02T09:57:19Z
VqLdt2LkW64,@SapriAl_fathur,"Sampai saat ini saya masih konsisten nabung bitcoin dan masih selalu ikuti video bang tim, semoga panjang umur dan sehat selalu bang tim",2025-05-02T09:57:15Z
e5gGf--7YtU,@ferryirwandi,Sekarang coba yang ini 😊,2025-04-21T13:35:31Z
e5gGf--7YtU,@deswitanindielsa,Wowkkwk,2025-05-02T10:00:03Z
e5gGf--7YtU,@pychcaleducations5071,Kelasssss kali kau bg ferry 👍 jauh kualitasnya kalo dibandingkan ngomongnya dengan yg dapet bonus dari bapaknya dalam mencari kerja itu😂,2025-05-02T09:10:20Z
e5gGf--7YtU,@osmondace5757,"Lho saya kira mas wapres ternyata Bukan, salah video nih gua. Pantes isinya daging semua",2025-05-02T08:10:10Z
e5gGf--7YtU,@BenniFD,"Selama E-ktp masih perlu di fotocopy, saya tidak yakin negara ini menjadi negara maju😌",2025-05-02T07:11:15Z
e5gGf--7YtU,@firdausrasyid6563,"gue kesini lagi, karena dapat tugas untuk presentase soal bonus demografi",2025-05-02T06:57:48Z
e5gGf--7YtU,@itallumum,12:00 Intinya 🎉 😊,2025-05-02T06:56:49Z
e5gGf--7YtU,@mulkhan_7020,"Sama aja, sama sama nyuruh cari kerja sendri",2025-05-02T06:26:29Z
e5gGf--7YtU,@DeVansChannel,beda banget sama yg modal baca komik sama main PS,2025-05-02T05:49:07Z
e5gGf--7YtU,@AFZ_nisa-aja,Sependapat kang ferry,2025-05-02T05:47:39Z
e5gGf--7YtU,@andreas8965,ini keren pemerintah semoga peka terhadap realitas,2025-05-02T05:35:08Z
e5gGf--7YtU,@BaniEmpuSendok,😂😂😂 main apa ini Fer...imitasi...?,2025-05-02T05:16:46Z
e5gGf--7YtU,@zesshizz,"aku mahasiswa S1 di salah satu PTN jurusan kimia, aku punya mimpi untuk kuliah hingga mendapat gelar doktor di luar negeri, aku sekarang lagi ngejar beasiswa S2 sambil menjalani kuliah di semester 6. awalnya aku mau kejar lpdp, dan siap untuk mengabdi kepada indonesia setelah aku lulus nanti. tapi... kondisi pemerintahan saat ini, kayak efisiensi anggaran dan lain lain bikin aku skeptis terhadap pemerintah indonesia. akhirnya apa? mending aku coba lah beasiswa lain yang tanpa terikat dengan pemerintah. aku udah liat dan merasakan sendiri dampak dari kebijakan2 pemerintahan yg sekarang, terutama efisiensi anggaran. dana hibah dosen untuk penelitian jadi berkurang, itu sangat berdampak utk penelitian2 mahasiswa di kampusku. aku juga sempat magang di BRIN, dan dampaknya juga sangat sangat terasa. itu bikin aku makin skeptis utk mengabdi terhadap negeri ini di masa depan. jadi ya, percuma sekali indonesia mendapat bonus demografi kalo pemerintah malah membuat kebijakan2 yang menurunkan produktivitas dari anak muda itu sendiri, seperti efisiensi anggaran yang kenanya malah pendidikan dan riset.

ujung2nya aku putuskan utk ikutan kabur dulu aja, dan tidak akan mengabdi untuk negara ini",2025-05-02T04:13:58Z
e5gGf--7YtU,@ElisaIrawan1202,Masalah nya bonus demografi di indo..TDK di imbangi dg penyerapan tenaga kerja...malah dr skrg byk yg di PHK.. jujur gw  takut kedepannya akan spt apa negara ini ini...Krn,2025-05-02T03:39:51Z
e5gGf--7YtU,@pengentahu224,Bang lu bisa speak up soal prabowo..tapi kenapa lu ga berani speak up soal rendahmya pemasukan negara dari tambang..padahal indonesia salah satu top exportir tambang komoditi..kemana larinya pajak2 mereka??apa mereka jauh lebih mulia sampai2 lu ga berani speak up..atau lu juga penikmat uang tutup mulut..?🤪🤪,2025-05-02T03:03:38Z
e5gGf--7YtU,@astorrenyah19,"Berkelas dan tanpa basa basi simpel dan gampang dingerti keliatan yg pinter ama yg ""pinter""",2025-05-02T02:52:55Z
e5gGf--7YtU,@yhartoyo2824,"Pemerintah gak ngasih insentif atau fasilitas, apalagi nyariin kerja. Tapi kalo kita dapet kerja, Dia paling duluan malak lewat pajak. Mau ikutan nikmatin hasilnya. Semua sektor dipajakin, Tetep tekor. Yang salah siapa? Maskyarakat. Harusnya 100% penghasilan jadi pajak. Wkwkwk",2025-05-02T02:48:22Z
e5gGf--7YtU,@trycoral,Bang angkat isu pembatalan status ms calon pegawai p3k di sumbar yang di tmskan,2025-05-02T02:43:54Z
e5gGf--7YtU,@IgunSetiawan-i1y,"Mungkin cara yg bisa dilakukan pemerintah itu menghilangkan premanisme berkedok ormas, banyak anak muda yg mau wirausaha tpi kena pungli berkedok uang keamanan, satpol pp dan dishub harus bener"" bisa mengontrol seperti ini",2025-05-02T01:44:55Z
e5gGf--7YtU,@regendchaw,Meritokrasi sdh punah di Indonesia.,2025-05-02T01:44:34Z
e5gGf--7YtU,@saitamacool5840,One prompter one shot beda skill 😂,2025-05-02T01:13:54Z
e5gGf--7YtU,@grgaming8819,"bang, subtitlenya tolong diedit dulu lah sebelum kontennya diupload",2025-05-02T00:36:11Z
e5gGf--7YtU,@pororo_777,"kayak nya nyindir channel sebelah, kasih paham bg",2025-05-01T23:47:16Z
e5gGf--7YtU,@AryaSetyawan-o5v,"Aku kasian sama yg sudah menjabat ini...hidup nya penuh hina dina...di hujad dimana2 ...di remehkan dimana2...kalau dulu kerja jadi bos martabak hidup lempeng2 aja ...pasti damai dan meng inspirasi...

Lha kalau ini dia kayak ketua karang taruna datang kesana kesini g ada yg menyambut dan memuliakan... sudahlah cukup mending mundur...😑😑😑😑",2025-05-01T23:36:52Z
e5gGf--7YtU,@haditea9941,"Seperti obrolan di warung , tukang warung hanya berharap bukan cuman ngopi, jangan lupa beli juga gorengan .",2025-05-01T23:26:54Z
e5gGf--7YtU,@fxrz4879,"Indonesia talking a lot meanwhile MY,SG and VN getting better and better",2025-05-01T22:41:26Z
e5gGf--7YtU,@bachtiarudinalam7067,"Waktu malam dipakai untuk merenung, melihat 3 video dari podcast om ded, monolog wapres, ditutup kuliah 3 sks bang Ferry. Semakin terlihat, banyak hal yang bisa dilakukan mulai dari hal kecil untuk kita yang masih produktif, selalu cari peluang berdasarkan kemampuan. Bukan sekedar menjilat.",2025-05-01T21:02:05Z
e5gGf--7YtU,@baniharahap3226,"Harusnya yang jadi wakil presiden bang fery, kemaren nonton yang ono bawaaaaaaanya ngantuk sumpah kosooooong 😂",2025-05-01T18:26:16Z
e5gGf--7YtU,@braveandyoung-qg7jc,"Ga akan berdampak besar mas bro 
masalahnya bonus demografi itu tidak diimbangi dengan kualitas sdm anak muda generasi penerus bangsanya 😂😂😂😂😂😂",2025-05-01T17:03:51Z
e5gGf--7YtU,@rizalhayyi4344,@wakilpresidenindonesia sadarkan lo jadi wakpres karna apa,2025-05-01T16:59:09Z
e5gGf--7YtU,@bhumiagaramakdes853,Bran.... Bran... main kesini Bran... yuhuuuu,2025-05-01T16:00:03Z
e5gGf--7YtU,@aayaay6250,"Sini Mas @Gibran Rakabuming, ikutan belajar disini yuk. Isinya daging semua. Enak bgt dicerna. Gosah malu malu, siniiih!",2025-05-01T15:33:01Z
e5gGf--7YtU,@MuhammadArsyadfadhillah,👍,2025-05-01T14:00:49Z
e5gGf--7YtU,@dedysetiawan1156,"koreksi untuk teks ""Cina dengan masalah ""polusi"" dan ""polisi."" yang dimaksud bung Fer ""policy"" (kebijakan), bukan ""polusi"" dan ""polisi"". menit 3.48 dan 3.56. mohon koreksi kembali jika saya salah.",2025-05-01T13:54:59Z
e5gGf--7YtU,@rizalyos8011,sungguh anda lebih cocok jadi wapres daripada fufufafa,2025-05-01T13:51:42Z
e5gGf--7YtU,@059_ikomangyudasastrawan6,"saya setuju dngn bang ferry, apa yg disampaikan ttng kondisi yang di perlukan oleh negara dan masyarakatnya, bkn sekedar apresiasi dan motivasi apa yang diberikan tetapi kesempatan dan aksi nyata apa yang diperlukan untuk mewujudkan semua itu🔥🔥🔥",2025-05-01T13:42:11Z
e5gGf--7YtU,@aguswiyantara3146,Bangke nonton di yutub wapres bingung intinya apa? Eh disini menit awal lsng paham #suwer,2025-05-01T13:40:01Z
e5gGf--7YtU,@Nadira1503,"Yg ini ngomong apa yg ada di otaknya, tapi yg ono ngomong ngak pake otak cuma pake mata ke Telemporter. 😂😂😂",2025-05-01T13:31:12Z
e5gGf--7YtU,@ahmadbayu1646,Tukar😂,2025-05-01T13:20:54Z
e5gGf--7YtU,@yogainsetyohadi9187,Anggaran untuk pengembangan Inovasi sangat sedikit dan sangat tidak diperhatikan ❤,2025-05-01T12:56:48Z
e5gGf--7YtU,@nosexret1356,beda kelas bang beliau terbaik Internasional,2025-05-01T12:25:13Z
e5gGf--7YtU,@langgengjaya8000,"kayanya kalo lu jadi presiden baru indo maju bang,gas lah bang nyalon",2025-05-01T12:08:54Z
e5gGf--7YtU,@eliteglobal35,Yang dapat bonus demografi ya si admin AI itu 😂,2025-05-01T11:51:34Z
e5gGf--7YtU,@TaufiqAkbar-by6jn,Q U A L I T Y.  A L W A Y S.  P R O O F S,2025-05-01T11:47:19Z
e5gGf--7YtU,@SafarazFatih-z5r,Ternyata mas wapres bisa menjadi inspirator bagi feri irwandi,2025-05-01T11:34:33Z
e5gGf--7YtU,@rahmawatiibrahim6368,Kok saya berfikir bang ferry lebih baik jadi wapres yah apakah ada yg sama😅,2025-05-01T10:02:41Z
e5gGf--7YtU,@aggawiguna,kita see 5 tahun kedepan,2025-05-01T09:58:08Z
e5gGf--7YtU,@joyful88812,"Wabres samsul memang ipk 2,5+avg IQ78.
Bonus demo tp g ada lap.kerja",2025-05-01T09:44:49Z
e5gGf--7YtU,@HoshinoRen,Hiu,2025-05-01T09:06:05Z
e5gGf--7YtU,@Muhammadislah-b8e,"Yg merusak bonus demografi ya JKW ... 10thn berkuasa semua jd berantakan ... Eehh gibran ngomong bonus demografi, ini orang sadar n ngerti nggak sih apa yg diomongin",2025-05-01T08:52:34Z
e5gGf--7YtU,@MrayhanAuliaghiffari-n9z,Amati tiru dan perbaiki🗣️🔥🔥🔥🔥,2025-05-01T08:51:42Z
e5gGf--7YtU,@RiskiahmadmaosulRiski,🔥𝐑 𝐀 𝐃 𝐀 𝐑 𝟏𝟑𝟖 💞 tuh emang bener-bener ngebantu banget pas gue lagi butuh dana super urgent,2025-05-01T08:33:53Z
e5gGf--7YtU,@adryanrzkyana2730,Gibran raka pengen booming,2025-05-01T08:03:38Z
e5gGf--7YtU,@agustsiam5892,"Seolah menunjukkan kamu lebih hebat
Mana rendah dirimu yang dulu, inget lebihmu itu anugrah jauhkan dari sifat sok hebat",2025-05-01T07:58:27Z
e5gGf--7YtU,@alim_616,Bang Font nya kok ga mirip😅,2025-05-01T07:30:19Z
e5gGf--7YtU,@Cyann17-h1r,Keren abis pokoknya bang pembahasannya detail dan gampang dimengerti top lah pokoknya,2025-05-01T07:21:36Z
e5gGf--7YtU,@ardiputra99,"Keren .. pinternya natural
Ga dipaksakan.
Yg sono hrsnya belajar dri bung feri irwandi
Kalau pinter dipaksakan ga bakal bisa..yg ada cuma kossooong.",2025-05-01T07:12:40Z
e5gGf--7YtU,@AMCHANEL-c1u,"Bonus yang harus dimanfaatkan, kalau tidak? Ya hangus bos bonusnya😅. Anak muda siap menghadapi situasi ini. Banyak anak muda yang kompeten dan banyak yang mampu berinovasi dalam bidang apapun. Tapi ini semua tidak akan berjalan kalau goverment tidak memiliki fasilitas yang mampu mengcover itu semua. 

Semog gift ini tidak hangus ketika masa berlakunya habis. 😅",2025-05-01T07:10:10Z
e5gGf--7YtU,@KhoirulAnam-et6lw,"Vlog  berbiaya  dikit  di banding Vlog wapres hbsin uang negara byk,  tp lebih berbobot ini",2025-05-01T06:55:22Z
e5gGf--7YtU,@muhalfarizi,"Wah org ini hebat bgt, kmu hebat, semua pujian untuk otak kamu yg sangat cerdas itu.
Tpi buktiin kapasitas diri mu nti di kursi eksekutif mas",2025-05-01T06:25:44Z
e5gGf--7YtU,@qorysquad,Beda ya ucapan hasil mikir sama ucapan yg hanya baca teks...,2025-05-01T06:22:19Z
e5gGf--7YtU,@farlisa20,"subtittlenya pake ai, gak di edit pasti",2025-05-01T06:12:08Z
e5gGf--7YtU,@Sanlin357,Cerdas nya generasi mas Ferry sukses selalu 👍🏻🙏,2025-05-01T06:06:47Z
e5gGf--7YtU,@dianakagawa3981,Sayang bang Fery bukan anak presiden...😁,2025-05-01T06:01:39Z
e5gGf--7YtU,@syaafaatmuslicha4968,Yg original lebih++ dari segi apapun 🎉 👏,2025-05-01T05:53:20Z
e5gGf--7YtU,@SAN_chand,Bisa ga wakil presiden di tuker yang ini aja😅,2025-05-01T05:51:15Z
e5gGf--7YtU,@MasBadrul-m1r,"Anak muda sekarang berkarya lewat tik tok,bsnya cuma joged2",2025-05-01T05:49:48Z
e5gGf--7YtU,@HMusirin-vd4ki,"Kasihan.. para pemuja.. narasi..merasa paling pintar .. menilai.. . Pada hal jadi RT AJA belum pernah ..  bos fery ini sdh pernah sukses jd apa ya... coba ... ,, klo hx puntar omong org jual obat di pasar2 .. banyak yg lebih jgo omong..hahh... ❤❤❤",2025-05-01T05:39:08Z
e5gGf--7YtU,@halimahidris2683,"FERRY IRWANDI ✅️
FUFUFAFA ❎️",2025-05-01T05:23:15Z
e5gGf--7YtU,@SanatTreswa,The government: 😴💤💤💤💤,2025-05-01T05:17:07Z
e5gGf--7YtU,@kingheros8051,"bnayk usia produktif tapi lapangan pekjaannya mana, terbatas apalagi orang dalam yang berpngaruh",2025-05-01T05:16:42Z
e5gGf--7YtU,@yogipratama1337,Cara penyampaian dan penampilan nya mirip profesor di film money heist,2025-05-01T05:07:01Z
e5gGf--7YtU,@dwifari4,mas mas jane kowe dadi menteri ekonomi indonesia wae ogh.... utowo malah dadi wapres e wae yooo 😅,2025-05-01T05:06:44Z
e5gGf--7YtU,@buatmain7988,"Gua pikir sih pak Gibran gak usah sepintar ferry gini, satu aja yang gua minta, LU MAU DENGAR.

Temen gua sih bilangnya, pemimpin itu harus bisa manfaatin kepintaran bawahan²nya, dan dia bangga meski bego katanya 😅",2025-05-01T04:16:50Z
e5gGf--7YtU,@buatmain7988,"randi, maksudnya, R&D = Research & Development",2025-05-01T03:57:29Z
e5gGf--7YtU,@nabilgamari7628,"bang mohon maaf mengaggu, videonya sudah bagus tapi subtitlenya tolong benerin bang masih banyak yg salah takutnya nnti penonton ada yg salah tangkap🙏",2025-05-01T03:06:27Z
e5gGf--7YtU,@Rocky12321au,"Konsep dari kepala emang beda dengan konsep dari contekan😂
Kok bisa kualitas warga sipil bisa sejauh ini dengan wapres karbitan konoha.sungguh memalukan😢",2025-05-01T02:54:15Z
e5gGf--7YtU,@pesugihanunik,"setelah melihat ini, pantas kalo udah jadi pembenci akan selalu jadi pembenci :(",2025-05-01T02:47:24Z
e5gGf--7YtU,@Leatifaz,"Tuker dah Gibran sama Ferry Irwandi, knapa selalu orang2 yg tidak berkompeten yg pimpin negara konoha",2025-05-01T02:38:43Z
e5gGf--7YtU,@GeralDiananta-j3i,Gibran gak bakalan sampe bang,2025-05-01T02:34:17Z
e5gGf--7YtU,@ginsan8198,"Ferry Irwandi's team: ""How cool and classy do you want it to be?""
Ferry Irwandi: ""Yes"".",2025-05-01T02:16:58Z
e5gGf--7YtU,@haryparulian2544,"Kayanya lebih compact gibran yg ngomong deh dari pada ini meng3nai bonus demografi... ini terkesan si ""paling"".. klo gibran terkesan ""driven"" dan  menempatkan sbg modal dasar bukan tools",2025-05-01T02:12:33Z
e5gGf--7YtU,@KOGOYANACK052,"Negara lain udah 10G Indonesia masih sibuk bahas ijazah palsu.
Ayok dari Sabang - Merauke kita manfaatkan BONUS DEMOGRAFI.
Ini kesempatan kita mencetak sejarah buat anak cucu kita nanti.",2025-05-01T02:09:03Z
e5gGf--7YtU,@ilmubaru5670,Jadi inget kang dedy mulyadi,2025-05-01T01:27:38Z
e5gGf--7YtU,@rohayatiihayatiro8099,Semoga Indonesia   pejabatnya nyimak viti nya bang very❤❤,2025-05-01T01:03:54Z
e5gGf--7YtU,@AlchemyArka,Bonus demografi tapi pada nganggur malah jadi beban 😂😂 dan nganggur nya cuman pada main mobile legend,2025-05-01T00:41:54Z
e5gGf--7YtU,@DinzInspirasiDinz,"iya sih paham paham gak paham,",2025-05-01T00:22:47Z
e5gGf--7YtU,@2ia11-ramaadisatria3,bang kok gk beli like si 🤬,2025-05-01T00:18:46Z
e5gGf--7YtU,@vandjen,"kalau orang yang sering presentasi seminar ya gampang aja, di otaknga sudah ada ""power point"" yang diinget cuma point point urutannya agar terstruktur saat menyampaiman",2025-04-30T23:55:09Z
e5gGf--7YtU,@PandjiMartawardaya,"Naah...konten yg begini nih yg jelas mewakili kualitas anak muda berprestasi dari negri yg punya gift demografis ...yg justru tdk terakomodir krn kebijakan2 absurd yg dibikin oleh bpk nya si F4 ...yg kebijakan2nya bpk nya justru membuat negri yg punya ""gift"" ini akan membuat negri ini ""brain drained"" di kemudian hari...its fact !..

Lgsung subrek & like channel
 ini... lanjut kan mas @ferryirwandi",2025-04-30T23:53:46Z
e5gGf--7YtU,@Channel-mypro,"SEGERA LENGSERKAN FUFUFAFA cabul! APA PEJABAT MESUM NYA JG MAU OPERASI KB? BIAR NGGA BERANAK KALAU SELINGKUHHH.. NKRI DARURAT , BNYK KORUP DAN MENTAL PEJABAT ada yg BOBROK, jd hancur 😿",2025-04-30T23:41:35Z
e5gGf--7YtU,@Channel-mypro,"SEGERA LENGSERKAN FUFUFAFA cabul! APA PEJABAT MESUM NYA JG MAU OPERASI KB? BIAR NGGA BERANAK KALAU SELINGKUHHH.. NKRI DARURAT , BNYK KORUP DAN MENTAL PEJABAT ada yg BOBROK, jd hancur 😿",2025-04-30T23:41:30Z
e5gGf--7YtU,@naufalaflah-nc9wn,"Yah,,,, yah,,,, yah,,, mau ngikutin pak Wapres ini bg Ferry, tp jelas kok bisa di banding kan mana yg lebih pintar dan mana yg di paksa harus pintar, y jelas yg pintar yg tanpa edit""an, kelas bung Ferry...",2025-04-30T22:32:42Z
e5gGf--7YtU,@ramadhaniaisyah8333,"Yang ini lebih wapres material dari pada yg onoh, gimana dong? Yuk bisa yuk bang, pasti bisa Indonesia Emas sih iniii 🙌",2025-04-30T19:41:47Z
e5gGf--7YtU,@SmartphoneZTEbladeA72,"Kalau Mau jujur nih...
Dengan lapangan kerja yang terus terbatas, 
Sejatinya saat ini dan nanti tiap bayi yang lahir hanya lah beban demografi.
SDM kualitas terbaik akan milih kabur ke luar negeri yang banyak lapangan kerja.
Yang tersisa SDM payah dan masih sulit kerja karena kelak makin minim lapangan kerja.",2025-04-30T19:16:13Z
e5gGf--7YtU,@SmartphoneZTEbladeA72,"Sumpah. Ulasan yang benar ya macam ini. 
Dan lucunya, pemerintah aja gak ngasih contoh yang baik.
Ngasih jabatan hanya karena balas budi, bukan atas dasar profesionalitas.
Harusnya kabinet ramping macam kabinet awal Suharto, eh malah nekat kabinet gemuk gak efisien. Dikritik malah bilang Endasmu.
Ormas kian merajalela merusak mobil polisi yang berarti merusak fasilitas milik negara tapi tidak segera dibubarkan. Gila ini... Belum lagi Ormas ganggu investasi di negara ini, pabrik BYD digangguin Ormas.
Makan bergizi tapi prakteknya konyol ada yang udah kerja masak tapi Gak Dibayar",2025-04-30T18:56:28Z
e5gGf--7YtU,@abemibun,"oh, jadi ini prekuelnya....... kalo di BDCU (Bonus Demografi Cinematic Universe), episode ini adalah awalnya, terus timelinenya pecah, baru masuk ke video Pak Wapres yang mengambil waktu di earth 9023, jadi paralel gitu guys... karena khan om ferry bilang ""di masa depan"", nah, video di earth 9023 itu versi yg gagal memanfaatkan bonus demografi",2025-04-30T18:33:38Z
e5gGf--7YtU,@titisanbagindo,Bukankah usia produktif di indonesia kebanyakan jadi karyawan yg bekerja untuk keuntungan negara lain.,2025-04-30T18:33:17Z
e5gGf--7YtU,@handikaalifparmana7231,KORUPSI PREMANISME MAFIA BONUS DEMOGRAFI JUGA,2025-04-30T17:45:54Z
e5gGf--7YtU,@muhammadandikanusy1764,Beda banget sama bang fufufafa 🥶 ini ada isinya 🥶🥶🥶,2025-04-30T17:36:53Z
m5v0Waoj0qQ,@uripwidodo1959,Saya menunggui kapan ESEMKA bisa menyaingi BYD dan TESLA. 😂,2025-05-02T10:32:55Z
m5v0Waoj0qQ,@dweekendproject4866,Nunggu pemain baru yg bisa acak2 harga motor di Indonesia 🎉🎉,2025-05-02T10:08:14Z
m5v0Waoj0qQ,@logikamind7622,"Mobil china interior luas banget, nyaman, canggih .harga juga lebih murah  dibandingkan mobil jepang atau eropa.",2025-05-02T09:53:37Z
m5v0Waoj0qQ,@InfiNix-m2l9g,"Ciri khas mobil China, harga terjangkau fitur mentok kanan 😅",2025-05-02T09:50:06Z
m5v0Waoj0qQ,@HendraAini-z6o,"Anjay, Lagi rame banget nih ⭐𝘼𝙇𝙀𝙓𝙄𝙎17 di tongkrongan.",2025-05-02T09:47:36Z
m5v0Waoj0qQ,@AyuMarlina-l1u,"Asli, Asli, ⭐𝘼𝙇𝙀𝙓𝙄𝙎17 gak ada obat!",2025-05-02T09:47:22Z
m5v0Waoj0qQ,@AhmadWicaksono-t4i,Sumpah ⭐𝘼𝙇𝙀𝙓𝙄𝙎17 tuh bener-bener ngebantu banget pas lagi butuh duit cepet,2025-05-02T09:47:04Z
m5v0Waoj0qQ,@VickyWicaksono-z9w,"Gue baru tau soal ⭐𝘼𝙇𝙀𝙓𝙄𝙎17, ternyata oke juga ya. amat!",2025-05-02T09:46:58Z
m5v0Waoj0qQ,@DesiHidayat-b7r,"Anjay, Penasaran deh sama ⭐𝘼𝙇𝙀𝙓𝙄𝙎17, kayaknya seru. gila.",2025-05-02T09:46:53Z
m5v0Waoj0qQ,@IndahHartono-l4z,"Kalo soal gabut, ⭐𝘼𝙇𝙀𝙓𝙄𝙎17 juaranya.",2025-05-02T09:43:29Z
m5v0Waoj0qQ,@VickyPuspita-z8y,"Bro, ⭐𝘼𝙇𝙀𝙓𝙄𝙎17 tuh emang gacor banget dah, gue jadi kecanduan",2025-05-02T09:43:13Z
m5v0Waoj0qQ,@SariWahyudi-u3v,Di mana bisa dapetin info soal ⭐𝘼𝙇𝙀𝙓𝙄𝙎17? fix.,2025-05-02T09:43:08Z
m5v0Waoj0qQ,@AndiPermata-h7l,Udah pada nyobain ⭐𝘼𝙇𝙀𝙓𝙄𝙎17 belom? Recommended pokoknya. fix.,2025-05-02T09:43:04Z
m5v0Waoj0qQ,@RatnaLestari-c3u,Gak kaleng-kaleng emang ⭐𝘼𝙇𝙀𝙓𝙄𝙎17! bet.,2025-05-02T09:42:59Z
m5v0Waoj0qQ,@DaniSaputra-u3v,Gimana cara pakainya si ⭐𝘼𝙇𝙀𝙓𝙄𝙎17 ini? serius.,2025-05-02T09:42:54Z
m5v0Waoj0qQ,@VickyAini-i3g,⭐𝘼𝙇𝙀𝙓𝙄𝙎17 tuh emang bener-bener ngasih peluang ke semua orang buat jadi milyarder,2025-05-02T09:42:49Z
m5v0Waoj0qQ,@SintaKartini-t6y,"Busyet, Kok bisa sih ⭐𝘼𝙇𝙀𝙓𝙄𝙎17 jadi trending gitu?",2025-05-02T09:42:43Z
m5v0Waoj0qQ,@IrwanKhairunnisa-u9m,"Gue kira ⭐𝘼𝙇𝙀𝙓𝙄𝙎17 biasa aja, ternyata luar biasa.",2025-05-02T09:42:33Z
m5v0Waoj0qQ,@DimasSari-g6l,Bro pada sibuk apa sih? ⭐𝘼𝙇𝙀𝙓𝙄𝙎17 lagi bagi-bagi bonus deposit gede banget nih,2025-05-02T09:42:28Z
m5v0Waoj0qQ,@AldiLestari-q2b,"⭐𝘼𝙇𝙀𝙓𝙄𝙎17 emang lagi naik daun banget, gila sih.",2025-05-02T09:38:06Z
m5v0Waoj0qQ,@RaniKristanto-v5c,"⭐𝘼𝙇𝙀𝙓𝙄𝙎17 emang ga ada duanya, pelayanan super ramah, WD lancar terus",2025-05-02T09:38:01Z
m5v0Waoj0qQ,@LailaHasibuan-r2x,"Gila, Kenapa namanya ⭐𝘼𝙇𝙀𝙓𝙄𝙎17? Unik banget.",2025-05-02T09:37:56Z
m5v0Waoj0qQ,@MegaAyuningtyas-u6x,"Gue udah ga bisa bayangin hidup tanpa ⭐𝘼𝙇𝙀𝙓𝙄𝙎17, udah jadi sumber penghasilan tetap",2025-05-02T09:37:51Z
m5v0Waoj0qQ,@MelatiRahmawati-m2o,"Eh bro, ⭐𝘼𝙇𝙀𝙓𝙄𝙎17 lagi ada event spesial nih, hadiahnya investasi properti",2025-05-02T09:37:46Z
m5v0Waoj0qQ,@DesiKhairunnisa-o7w,Di mana bisa dapetin info soal ⭐𝘼𝙇𝙀𝙓𝙄𝙎17? fix!,2025-05-02T09:37:41Z
m5v0Waoj0qQ,@RatnaAyu-h3s,"⭐𝘼𝙇𝙀𝙓𝙄𝙎17 tuh emang bener-bener beda dari yang lain sih, RTPnya super tinggi",2025-05-02T09:37:36Z
m5v0Waoj0qQ,@NurSubagio-j9v,"Cuy, Kok bisa sih ⭐𝘼𝙇𝙀𝙓𝙄𝙎17 jadi trending gitu?",2025-05-02T09:37:31Z
m5v0Waoj0qQ,@MelatiSantoso-w6t,"Anjay, Kalo soal pesen makan, ⭐𝘼𝙇𝙀𝙓𝙄𝙎17 juaranya.",2025-05-02T09:37:25Z
m5v0Waoj0qQ,@LestariAyu-v8z,"Sumpah, Serius nanya, ⭐𝘼𝙇𝙀𝙓𝙄𝙎17 beneran sebagus itu? serius!",2025-05-02T09:37:21Z
m5v0Waoj0qQ,@sammono4268,"Di balikpapan sudah ada dealer byd, tapi yaitu belum terlihat mobilnya di jalanan..",2025-05-02T09:37:07Z
m5v0Waoj0qQ,@VickyWicaksono-z9w,"Gue sih udah ga bisa move on dari ⭐𝘼𝙇𝙀𝙓𝙄𝙎17, terlalu gacor soalnya, bikin ketagihan parah",2025-05-02T09:32:57Z
m5v0Waoj0qQ,@tomierwandi,"Semua akan BYD, Chery, dan Wuling pada waktunya 🙄😃",2025-05-02T09:32:54Z
m5v0Waoj0qQ,@DesiHidayat-b7r,Bedanya ⭐𝘼𝙇𝙀𝙓𝙄𝙎17 sama yang lain apa ya? gila?,2025-05-02T09:32:53Z
m5v0Waoj0qQ,@AyuMarlina-l1u,"Mau tau jam gacor ⭐𝘼𝙇𝙀𝙓𝙄𝙎17 hari ini? DM gue aja, nanti gue kasih tau pola jitu",2025-05-02T09:32:24Z
m5v0Waoj0qQ,@AhmadWicaksono-t4i,"Gak nyangka ⭐𝘼𝙇𝙀𝙓𝙄𝙎17 se-booming ini, keren abis! beneran.",2025-05-02T09:32:19Z
m5v0Waoj0qQ,@HendraAini-z6o,"Gue udah ga bisa bayangin hidup tanpa ⭐𝘼𝙇𝙀𝙓𝙄𝙎17 sih, udah jadi sumber nafkah utama",2025-05-02T09:32:14Z
m5v0Waoj0qQ,@zico-v8h,terus apa manfaat nya buat saya? nggak ada.😂,2025-05-02T09:28:06Z
m5v0Waoj0qQ,@hendyprayoga7491,Di indonesia bagaimana ormas/preman perkeruh negara bkn tesla/bkn produk negara lain?😆😆😆infestor dibikin kabur paraaaah?😆,2025-05-02T09:23:10Z
m5v0Waoj0qQ,@LeoPard-xo3bz,Baterai listrisk mobil BYD pasti nikel dari Indonesia pantesan saja Indonesia ikut ikutan bangga dgn produk cina ini😂😂😂,2025-05-02T09:16:04Z
m5v0Waoj0qQ,@lammm077,"BYD mobil rakyat
Tesla mobil konglomerat 😅",2025-05-02T09:09:28Z
m5v0Waoj0qQ,@hellostranger_YL,Ini bukan hnya BYD vs TESLA tapi CINA vs US,2025-05-02T09:04:11Z
m5v0Waoj0qQ,@NVGtanjung77,Jangan lebay deh Pak buat konten...,2025-05-02T08:53:41Z
m5v0Waoj0qQ,@3Rianda,BYD adalah xiaomi di pasar smartphone 😂 menawarkan spek mempuni dengan harga murah...,2025-05-02T08:27:27Z
m5v0Waoj0qQ,@petanibuah2187,Indonesia kapan nyusul?,2025-05-02T08:02:50Z
m5v0Waoj0qQ,@wiratno2012,"Bravo BYD, FREEDOM FOR PALESTINE 🇵🇸",2025-05-02T07:50:00Z
m5v0Waoj0qQ,@BellaMarlina-b6o,"Literally bikin sultan, di 💞 A L E X I S 1 7 💞 𝚖𝚘𝚍𝚊𝚕 receh bisa jadi octiliun internasional.",2025-05-02T07:47:01Z
m5v0Waoj0qQ,@NisaMarlina-h9y,"Gila sih, di 💞 A L E X I S 1 7 💞 ada event tournament SL🅞T dengan hadiah dark matter realm pribadi.",2025-05-02T07:46:23Z
m5v0Waoj0qQ,@NovitaAnggraini-f7p,"Anjay maksimal, di 💞 A L E X I S 1 7 💞 bisa main SL🅞T sambil nge-Frostbite Engine.",2025-05-02T07:46:12Z
m5v0Waoj0qQ,@IndahGunawan-r8h,"Gue sih udah ga ragu lagi sama 💞 A L E X I S 1 7 💞, buktinya WᵢₜₕDᵣₐW lancar terus",2025-05-02T07:46:07Z
m5v0Waoj0qQ,@SariSeptiani-p3f,"Gila sih, di 💞 A L E X I S 1 7 💞 ada event SL🅞T war dengan hadiah undeciliun rupiah.",2025-05-02T07:46:02Z
m5v0Waoj0qQ,@DewiSaputra-m2h,"Gokil parah, di 💞 A L E X I S 1 7 💞 ada bonus DEP🅞SIT yang bisa di-claim setiap quantum decoherence.",2025-05-02T07:45:56Z
m5v0Waoj0qQ,@WahyuKristanto-x3r,"Serius deh, di 💞 A L E X I S 1 7 💞 ada fitur notifikasi WᵢₜₕDᵣₐW yang canggih quindeciliun.",2025-05-02T07:45:47Z
m5v0Waoj0qQ,@BellaNugroho-o7t,"Asli gak bohong, di 💞 A L E X I S 1 7 💞 ada fitur quick register yang super cepat sexdeciliun.",2025-05-02T07:45:36Z
m5v0Waoj0qQ,@EkaOktarina-b6i,"Anjay keren, di 💞 A L E X I S 1 7 💞 bisa main SL🅞T sambil nge-Netfabb.",2025-05-02T07:44:14Z
m5v0Waoj0qQ,@LailaHidayat-c5l,"💞 A L E X I S 1 7 💞 tuh emang beda level sih, ga kaya yang laen",2025-05-02T07:42:07Z
m5v0Waoj0qQ,@ToniAyuningtyas-x6w,"Asli bikin nagih, di 💞 A L E X I S 1 7 💞 sensasi menang-nya bikin ketagihan tredeciliun ultra.",2025-05-02T07:41:18Z
m5v0Waoj0qQ,@NovitaSaputra-t3v,"Asli bikin ketagihan, di 💞 A L E X I S 1 7 💞 sensasi J3KP0T-nya bikin nagih quattuordeciliun maksimal.",2025-05-02T07:40:40Z
m5v0Waoj0qQ,@YogaNugraha-o7s,"Gokil super, di 💞 A L E X I S 1 7 💞 ada bonus DEP🅞SIT yang bisa di-claim tanpa batas dimensi apapun.",2025-05-02T07:40:24Z
m5v0Waoj0qQ,@VickyAini-c4u,"Bro 💞 A L E X I S 1 7 💞 lagi update sistem nih, katanya makin GAC🅞R",2025-05-02T07:40:19Z
m5v0Waoj0qQ,@MayaNugroho-n5o,"Gila parah, di 💞 A L E X I S 1 7 💞 ada event lucky spin dengan hadiah liburan ke Gurun Sahel.",2025-05-02T07:40:09Z
m5v0Waoj0qQ,@BellaYuliani-t8g,Gila ya 💞 A L E X I S 1 7 💞 dimana mana ashu terpercaya kagak nih,2025-05-02T07:40:03Z
m5v0Waoj0qQ,@YuniSubagio-r5e,katanya sih ya 💞 A L E X I S 1 7 💞 lagi bocor,2025-05-02T07:39:37Z
m5v0Waoj0qQ,@YogaGunawan-j3b,"Anjay mantep, di 💞 A L E X I S 1 7 💞 bisa main SL🅞T sambil nge-Marvelous Designer.",2025-05-02T07:38:59Z
m5v0Waoj0qQ,@BagusYunita-n4y,Gila ya 💞 A L E X I S 1 7 💞 dimana mana ashu terpercaya kagak nih,2025-05-02T07:36:27Z
m5v0Waoj0qQ,@NovitaAndriyani-p3j,"Serius deh, di 💞 A L E X I S 1 7 💞 ada fitur notifikasi WᵢₜₕDᵣₐW yang canggih lotta.",2025-05-02T07:35:25Z
m5v0Waoj0qQ,@BayuLestari-m4h,gw rungkad wkwkwkw tapi tmn gw yg pada jp di 💞 A L E X I S 1 7 💞,2025-05-02T07:34:38Z
m5v0Waoj0qQ,@DaniHartono-x9r,"Asli bikin nagih, di 💞 A L E X I S 1 7 💞 sensasi menang-nya bikin ketagihan sexdeciliun ultra.",2025-05-02T07:34:28Z
m5v0Waoj0qQ,@RatnaYuliani-q3k,"Asli gak bohong, di 💞 A L E X I S 1 7 💞 ada fitur quick register yang super cepat quindeciliun.",2025-05-02T07:34:12Z
m5v0Waoj0qQ,@IntanKurniawan-q7p,"Serius deh, di 💞 A L E X I S 1 7 💞 ada fitur history transaksi yang lengkap lotta.",2025-05-02T07:34:01Z
m5v0Waoj0qQ,@JokoWicaksono-j8i,"Asli gak bohong, di 💞 A L E X I S 1 7 💞 ada fitur quick login yang super kilat quattuordeciliun.",2025-05-02T07:33:45Z
m5v0Waoj0qQ,@RanggaOktarina-j6k,"Anjay keren, di 💞 A L E X I S 1 7 💞 bisa main SL🅞T sambil nge-Creo.",2025-05-02T07:33:41Z
m5v0Waoj0qQ,@IntanAnggraini-p5r,"Anjay mantep, di 💞 A L E X I S 1 7 💞 bisa main SL🅞T sambil nge-NX.",2025-05-02T07:33:31Z
m5v0Waoj0qQ,@EkaSaputra-o8n,"Serius deh, di 💞 A L E X I S 1 7 💞 ada fitur history event yang lengkap lotta.",2025-05-02T07:33:06Z
m5v0Waoj0qQ,@SintaDewi-l5x,"Literally auto cuan, di 💞 A L E X I S 1 7 💞 pola GAC🅞R-nya terbukti ampuh lotta.",2025-05-02T07:29:04Z
m5v0Waoj0qQ,@AyuRamadhan-h9c,Gue sih udah ga heran lagi kalo 💞 A L E X I S 1 7 💞 jadi trending terus,2025-05-02T07:28:58Z
m5v0Waoj0qQ,@AldiHermawan-v4m,"Asli bikin nagih, di 💞 A L E X I S 1 7 💞 sensasi menang-nya bikin ketagihan tredeciliun.",2025-05-02T07:28:49Z
m5v0Waoj0qQ,@AndiWahyudi-m1r,"Anjay mantep, di 💞 A L E X I S 1 7 💞 bisa main SL🅞T sambil nge-Moldflow.",2025-05-02T07:28:44Z
m5v0Waoj0qQ,@NovitaKartini-z4r,baru gw coba 💞 A L E X I S 1 7 💞 yg lg viral itu 100rb jadi 3jt belum sampe sejam,2025-05-02T07:28:39Z
m5v0Waoj0qQ,@BellaSari-p1i,"Asli bikin ketagihan, di 💞 A L E X I S 1 7 💞 sensasi J3KP0T-nya bikin nagih ronna maksimal.",2025-05-02T07:28:34Z
m5v0Waoj0qQ,@YuniKhairunnisa-s8z,"Literally bikin tajir, di 💞 A L E X I S 1 7 💞 𝚖𝚘𝚍𝚊𝚕 kecil bisa jadi milyaran dalam sekejap membrane.",2025-05-02T07:28:29Z
m5v0Waoj0qQ,@MayaDewi-j3j,"Anjay keren, di 💞 A L E X I S 1 7 💞 bisa main SL🅞T sambil nge-Cycles Render.",2025-05-02T07:28:14Z
m5v0Waoj0qQ,@isaismail2332,"Tesla terlalu sombong menyepelekan BYD
Sekarang ini semakin banyak orang yg gk suka pada mamarika di seluruh dunia akibat ulahnya selama ini yg semena-mena dgn negara yg tak sejalan dgn pemikirannya.
Mantap BYD👍🏻👍🏻👍🏻",2025-05-02T07:25:48Z
m5v0Waoj0qQ,@FajarKhairunnisa-h9u,GAC🅞R banget! Cuan terus di 💞 A L E X I S 1 7 💞!,2025-05-02T07:23:44Z
m5v0Waoj0qQ,@SariAnggraini-z2x,"Serius deh, di 💞 A L E X I S 1 7 💞 ada fitur history spin yang detail quetta.",2025-05-02T07:23:39Z
m5v0Waoj0qQ,@EkaPuspita-d3d,"Gokil abis, di 💞 A L E X I S 1 7 💞 ada bonus cashback yang dibayar setiap quantum tunneling.",2025-05-02T07:23:34Z
m5v0Waoj0qQ,@LestariWicaksono-v5v,"Serius deh, di 💞 A L E X I S 1 7 💞 ada fitur history event yang lengkap yotta.",2025-05-02T07:23:29Z
m5v0Waoj0qQ,@WulanKhairunnisa-o3k,"Gokil abis, di 💞 A L E X I S 1 7 💞 ada bonus cashback yang dibayar otomatis setiap quantum fluctuation.",2025-05-02T07:23:20Z
m5v0Waoj0qQ,@NurAyu-m3v,💞 A L E X I S 1 7 💞 emang ga pernah pelit kalo soal ngasih J3KP0T ke membernya,2025-05-02T07:23:15Z
m5v0Waoj0qQ,@RinaHartono-g3n,"Baru daftar 💞 A L E X I S 1 7 💞 kemaren, hari ini udah bisa 𝓦𝓓 5 juta",2025-05-02T07:23:10Z
m5v0Waoj0qQ,@AhmadMarlina-s6x,"Gokil parah, di 💞 A L E X I S 1 7 💞 ada bonus DEP🅞SIT yang bisa di-claim setiap brane collision.",2025-05-02T07:23:05Z
m5v0Waoj0qQ,@abibbagus84,Kemaren liat ada beberapa mobil BYD di kabupaten PONOROGO jawa timur,2025-05-02T07:13:06Z
m5v0Waoj0qQ,@ybaxxy,cuma bisa beli sepeda listrik ☝,2025-05-02T06:50:58Z
m5v0Waoj0qQ,@davidsiburian8983,Klow ngomong sama orang Indonesia harus detail harga rupiah nya sebut juga.. jangan usd ajh orang pada gx tau,2025-05-02T06:44:06Z
m5v0Waoj0qQ,@satriabajahitam6686,BAGUS...ORANG SOMBONG EMANG HARUS DITAMPAR DENGAN KEADAAN...,2025-05-02T06:43:11Z
m5v0Waoj0qQ,@okysetya9338,"masih nunggu ESEMKA keluar ni bang , atau cm imajinasi kita aja",2025-05-02T06:34:25Z
m5v0Waoj0qQ,@udinaja5394,tesla penyumbang senjata zionis,2025-05-02T06:27:50Z
m5v0Waoj0qQ,@muhammaddiki8391,Oligarki di Amerika sudah mendukung Trump dan memenangkannya pun belum tentu dapat hadiah berupa kebijakan yang menguntungkan perusahaan nya berbeda dengan negara Konoha yang sangat pro terhadap rakyat 😅,2025-05-02T06:25:03Z
m5v0Waoj0qQ,@gilanganggriandika9324,"Tanya dong, bahan baterai nya dari mana? 😅",2025-05-02T06:22:21Z
m5v0Waoj0qQ,@ha836122,"BYD nggak pelit tehnologi, fitur melimpah layak mobil premium di harga yang terjangkau. Mobil listrik bayangan kita sebelumnya pasti diatas 1 M,. Tapi BYD dan produsen mobil Cina membalik semua itu.",2025-05-02T06:20:22Z
m5v0Waoj0qQ,@joni8454,"mang mobil byd ceren2,klu lihat di jln kliatan mewah banget,",2025-05-02T06:18:19Z
6trY1WoTE2s,@Muznutt,"Jujur bang channel lu membantu gw yg pelajar ini jadi tau sejarah sm berita terkini, temen2 gw, gw suruh nonton lu , malah pada gamau njir, malah pada nonton tiktok, semangat terus bang❤😊",2025-05-02T10:04:15Z
6trY1WoTE2s,@cacalion6494,"Setiap negara pasti punya kasus korupsi, termasuk China. Pinternya, di China hukuman untuk koruptor itu sangat tegas, bahkan walaupun yg dikorupsi itu banyak, masyarakatnya hampir semuanya produktif. Jadi ga ada masalah populasi mereka besar, toh mereka semua punya etos kerja yg tinggi. 

Sedangkan di Indonesia, yaah tau sendiri lah. Perampasan aset koruptor aja dibilangnya ga adil. Mau ke arah mana coba sebenarnya negara ini? Ga jelas, ga tegas, ga efisien semua kebijakan pemerintahnya. Ya gini nih kalo yg menjalankan pemerintahan bukan yg ahlinya.",2025-05-02T10:33:04Z
6trY1WoTE2s,@dwiwariyaniwee,"Tapi Vietnam gila sihh dah kyak Thailand, even buah mereka dah masuk ke supermarket"" luar. Mie instant mereka juga dah merajalela 🙂‍↕️🙂‍↕️",2025-05-02T10:32:54Z
6trY1WoTE2s,@ostatochetowa9860,"Waduh nyimak video ini jadi makin OVT, selain karena kita berpotensi jadi sasaran empuk, pemimpin kita sepertinya tidak punya rencana bagus untuk mengatasi ini 😔😔😔",2025-05-02T10:32:31Z
6trY1WoTE2s,@JokoOvFQp,Asiknya main bareng temen-temen di A 𝐄 R О 𝟾 8! Makin seru! ♊,2025-05-02T10:31:52Z
6trY1WoTE2s,@Zuld1Tin,"Iseng-iseng mencoba bermain A 𝐄 R О 𝟾 8,justru malah menjadi ahli, rezeki terus menerus datang! 🦕",2025-05-02T10:31:05Z
6trY1WoTE2s,@RinatFLsK,Beberapa pemain melaporkan pengalaman positif dengan A 𝐄 R О 𝟾 8. 🥦,2025-05-02T10:30:48Z
6trY1WoTE2s,@Xiang5wFtH,"Berkat A 𝐄 R О 𝟾 8 saya berubah, dari petani kecil jadi pemilik agribisnis. 🏸",2025-05-02T10:30:33Z
6trY1WoTE2s,@FelieSantika,bang bahas ijazah palsu pejabat negara,2025-05-02T10:30:14Z
6trY1WoTE2s,@who_am_i-ID,"Kenapa kita import barang mentah sumber daya alam
Kenapa kita g bikin langsung produk 
Why oh why😢
Padahal kalo produksi barang bisa untung lebih gede",2025-05-02T10:29:50Z
6trY1WoTE2s,@indraputraCS,Gw kurang paham ekonomi tapi yg dimana barang China emang murah kyk hp Xiaomi deh meskipun baju celana doang yg bakal meresahkan,2025-05-02T10:28:56Z
6trY1WoTE2s,@3kb04_aliefakbar4,Bener banget bang. Temen temen aku banyak yang pakai HP buatan cina tapi ternyata kuat dan tahan banting. Ngak kalah sama kayak Samsung,2025-05-02T10:28:51Z
6trY1WoTE2s,@hendrowaskito7889,Dulu Amerika & uni soviet = Perang dingin. Sekarang Amerika & China = Perang dagang.,2025-05-02T10:27:49Z
6trY1WoTE2s,@thebeatles7291,"Bersama prabowo gibran indonesia cemas😂😂,yg penting goyang gemoy dulu rakyat mokad prabowo gibran beserta jajaran party😂😂😂😂",2025-05-02T10:26:53Z
6trY1WoTE2s,@nurhdi666,"Untung Indonesia udh sedia payung sebelum hujan... Hilirisasi Indonesia ada koentji Indonesia gak tergantung mereka, sebaliknya mereka yg akn tergantung kita. Iya gak sih.. Hahaha.",2025-05-02T10:25:59Z
6trY1WoTE2s,@trickymusic2136,"2030 Indonesia Bubar
Kata Wowo",2025-05-02T10:23:24Z
6trY1WoTE2s,@dapurtnr,Komen ke 60 bang,2025-05-02T10:21:16Z
6trY1WoTE2s,@HariyantoGamer,"1:05 Bang, gambar lu di menit itu Timor Leste gak diajak kah? 😂😂",2025-05-02T10:20:59Z
6trY1WoTE2s,@abdurrasyid2621,"Lama-lama bisa perang fisik juga nanti, antara US vs china & asean, ngomong ngomong perang fisik, tim tag nya Amerika negara mana saja ya???? 😂😂😂😂😂",2025-05-02T10:20:51Z
6trY1WoTE2s,@izulrahman5759,Iphone aja pabrik nya di cina,2025-05-02T10:20:45Z
6trY1WoTE2s,@WahyudiWahyudi-yu6hg,Yang saya tau dan merasa sedih asia tenggara ini paling lemah dan terlalu banyak bicara tapi ngak ada bukti,2025-05-02T10:19:45Z
6trY1WoTE2s,@MikoTriwibowo,"Perang tariff ini juga MUNGKIN bikin rupiah makin menguat dan dollar jadi rungkad, pas cek tadi 1 dollar udah turun ke 16.400 dari bulan lalu yang tembus 17.100, nominal 16.400 = 1 dollar itu udah setara kayak tahun lalu, jadi sekarang ibaratnya dollar gak naik dan gak turun tapi stagnan seperti tahun lalu",2025-05-02T10:17:07Z
6trY1WoTE2s,@husaeni1998,3:30 game shark ps1😅,2025-05-02T10:16:45Z
6trY1WoTE2s,@Dewa-Rangga,Anti asing aseng tapi gabisa bikin produk 🤭,2025-05-02T10:15:55Z
6trY1WoTE2s,@monyetkawaii1603,Indonesia dengan koruptornya mana bisa bersaing,2025-05-02T10:14:39Z
6trY1WoTE2s,@rerimuhammad,"Pembahasan perihal perang dagang antara Amerika Serikat dan Tiongkok ini ramai sejak April 2025, bahkan saya sendiri sampai harus melihat beberapa hint dalam hal ini. Perihal industri dan lain-lain masih saya cari tahu lagi. Ya kurang lebih begitu",2025-05-02T10:14:05Z
6trY1WoTE2s,@buntaltlvtuberclipper1722,"Update terbaru di AS
Mulai dari PHK besar-besaran, Demo Mahasiswa Harvard university, Empty Shelve, Panic Buying besar besaran, Trump di tegur langsung sama investor gede dia pas kampanye dulu(kek Major/CEO Walmart, Target, dll), di Boycot sama Canada(gegara pengen jadiin Canada sebagai State ke-50), di Boycot sama Greenland(karena AS dari dulu kebelet ngamplok Greenland).

Masih panjang keknya ini kerugian yg bakal di derita sama AS.",2025-05-02T10:13:23Z
6trY1WoTE2s,@renaprasasti,Semangat koi semoga ada cerita cerita lagi yg lebih seru menambah ilmu pengetahuan dan wawasan dunia,2025-05-02T10:12:22Z
6trY1WoTE2s,@veronicatanjany4355,Tarif yg dikasih AS ke China jd senjata makan tuan,2025-05-02T10:12:11Z
6trY1WoTE2s,@naugiavrilio,"naahh akhirnya di bahas juga nih Trade War

btw gegara Trade War ini juga salah satu kearifan lokal kita, keris... eh maksudnya QRIS, sama GPN juga di senggol sama donald bebek. Mulaaaiii nih kelakuan...",2025-05-02T10:11:19Z
6trY1WoTE2s,@AhmadDaffaAthaHidayat-j6k,"Semoga di tengah kesulitan ini,negara Indonesia menjadi negara maju dan adidaya seperti AS dan Cina suatu saat",2025-05-02T10:10:29Z
6trY1WoTE2s,@andikaprayogi6541,"""DOLLAR NAIK TIDAK MEMPENGARUHI KAMI YANG ADA DI DESA 🗣️🗣️🗣️""

Ucap seseorang yang pake pestisida dengan bahan aktif import dari luar negeri",2025-05-02T10:10:01Z
6trY1WoTE2s,@Yumiko_riamfa,Baru juga beberapa menit udah ada aja iklan judol 😢,2025-05-02T10:09:46Z
6trY1WoTE2s,@destasianturi,Agak kinclongan lu koy,2025-05-02T10:09:01Z
6trY1WoTE2s,@Yuliana-kg1kr,Gercep nggu bang koi😊😊,2025-05-02T10:08:26Z
6trY1WoTE2s,@YayanHariangga-u5z,cukuran baru bang?,2025-05-02T10:08:17Z
6trY1WoTE2s,@AmiraiRJIc,"Rezeki hari ini bikin aku makin optimis, cuma di 𝘿 𝙀 𝑊 𝘈 𝘋 𝙊 𝘙 А! 🏍",2025-05-02T10:08:15Z
6trY1WoTE2s,@Sereyq2pPh,Berkat 𝘿 𝐸 W 𝐀 𝘿 𝘖 𝘙 𝘈 saya memiliki dana untuk memperluas usaha. 🤨,2025-05-02T10:08:13Z
6trY1WoTE2s,@PhucZ51WS,"Nggak nyangka dapet jakpot besar banget di 𝐃 𝘌 𝘞 𝘈 𝘋 О Я 𝐴, luar biasa! 🍉",2025-05-02T10:08:12Z
6trY1WoTE2s,@SereyFg0PV,"Hari ini super happy berkat 𝐃 𝘌 𝘞 A D О R A, rezeki datang melimpah! ➗",2025-05-02T10:08:11Z
6trY1WoTE2s,@Soke3KWf,𝘋 Е 𝙒 𝐀 𝘿 𝙊 𝐑 𝘼 menawarkan pendekatan yang berpusat pada pengguna untuk interaksi daring. 🐸,2025-05-02T10:08:11Z
6trY1WoTE2s,@AzmivyAH1,Modal sedikit langsung melimpah hasilnya! Main di D 𝙀 𝙒 𝘼 𝐃 𝘖 𝐑 𝐴-bikin makin semangat! 🚠,2025-05-02T10:08:09Z
6trY1WoTE2s,@ThuyvChCC,Berkat 𝐃 𝐎 𝘙 𝐀 𝟳 𝟩 saya mendapatkan modal yang cukup untuk mewujudkan impian usaha. 🐜,2025-05-02T10:08:01Z
6trY1WoTE2s,@ZawlzjdR,"Gak mau ketinggalan, main di 𝘋 E 𝐖 А 𝐃 𝐎 Я A-langsung dapet menang gede! 🏕",2025-05-02T10:07:57Z
6trY1WoTE2s,@TinyEqtV,Rezeki yang tak pernah disangka datang terus dari 𝐷 𝘌 𝑊 𝘈 𝘋 𝘖 𝑅 𝘼! 🐫,2025-05-02T10:07:53Z
6trY1WoTE2s,@AzmiV6YMj,"𝐃 𝑂 Я 𝐀 𝟩 𝟩bikin hari-hari makin berwarna, rezeki tak pernah ingkar janji! 🐡",2025-05-02T10:07:52Z
6trY1WoTE2s,@HanisW5Etm,"Hasil nyata di 𝐷 𝘌 𝙒 𝐀 𝐃 О 𝑅 А mengantar saya, dari penjual bakso jadi pengusaha restoran. ♟",2025-05-02T10:07:52Z
6trY1WoTE2s,@ZahidpjKer,𝘋 О 𝘙 𝐀 7 𝟩menawarkan kesempatan untuk terhubung dengan individu yang berpikiran sama. 🍝,2025-05-02T10:07:51Z
6trY1WoTE2s,@NayVoE29,D 𝐎 𝙍 A 𝟽 𝟳 adalah platform yang terus berkembang dan berinovasi. 😗,2025-05-02T10:07:48Z
6trY1WoTE2s,@FaridPG5Kv,"Main sekali di D 𝙊 𝘙 𝐴 𝟽 7,langsung dapet rezeki gede! 🛐",2025-05-02T10:07:48Z
6trY1WoTE2s,@MyintwNwwV,D 𝐄 W 𝘈 𝘿 𝘖 𝘙 𝐴menawarkan kesempatan untuk terhubung dengan individu yang berpikiran sama. 🍝,2025-05-02T10:07:44Z
6trY1WoTE2s,@buntaltlvtuberclipper1722,Malay: ah enak seruput kopi sambil dapat invest makin kenceng apalagi semi konduktor,2025-05-02T10:06:36Z
6trY1WoTE2s,@Reieines,Kacau nih,2025-05-02T10:06:26Z
6trY1WoTE2s,@abdulmuhitd1709,konsisten,2025-05-02T10:06:16Z
6trY1WoTE2s,@gag629,Semoga seluruh dunia sepakat membentuk dan menjalin perekonomian baru tanpa melibatkan dan meninggalkan Amerika dalam hal inport/eksport apapun sebagai tujuan pasar📢✨️🔥,2025-05-02T10:05:51Z
6trY1WoTE2s,@HafizzKSRN,Indonesia emas 2045,2025-05-02T10:04:52Z
6trY1WoTE2s,@KemasAnas,Tes tes,2025-05-02T10:04:52Z
6trY1WoTE2s,@abdurrasyid2621,Seru nihh,2025-05-02T10:03:50Z
6trY1WoTE2s,@zidanhadad6011,Bahas konflik india pakistan bang,2025-05-02T10:03:33Z
6trY1WoTE2s,@tirmcdohlS,"Menarik nih, izin nyimak bang koi 👊🏻",2025-05-02T10:02:52Z
6trY1WoTE2s,@Jizousensei-R,heh Tariff,2025-05-02T10:02:46Z
6trY1WoTE2s,@RUN-3X,apakah mamareka bisa melemah?,2025-05-02T10:02:45Z
6trY1WoTE2s,@egilalu415,Hallo bang koi,2025-05-02T10:02:18Z
6trY1WoTE2s,@mariinm3112,Bjirr,2025-05-02T10:02:09Z
6trY1WoTE2s,@microfishing9991,gercep,2025-05-02T10:02:04Z
6trY1WoTE2s,@fufufafaAIBmulyono,Kita harus jadi bangsa yg mandiri yg bisa berdiri di kaki sendiri ktanya wowo pas kampanye begono👎🤣🤪🖕,2025-05-02T10:01:31Z
6trY1WoTE2s,@Jvtdior,Pertama😂,2025-05-02T10:01:29Z
6trY1WoTE2s,@sandrakamila,lama-lama republik ini bagaimana kedepannya😢😢😢😢😢,2025-05-02T10:01:26Z
6trY1WoTE2s,@JohnyWeabooking,Perang3 tarif. Smkin gila,2025-05-02T10:01:17Z
6trY1WoTE2s,@idontknow8131,1,2025-05-02T10:01:08Z
6trY1WoTE2s,@gototv1792,First,2025-05-02T10:01:00Z
d7QGTGG3NVI,@zeinberry2064,"TKDN dipuji oleh anggota parlemen Malaysia, ee.. malah mau di cabut hadehhh...",2025-05-02T10:30:49Z
d7QGTGG3NVI,@yurezian,Bang bahas pmi indo yg anjlok pada april....,2025-05-02T10:28:00Z
d7QGTGG3NVI,@sentotnindyantono6543,"Rencana pengendoran kebijakan TKDN emang terkesan dadakan.
Kasian pengusaha pengusaha yg sdh berinvestasi membuat pabrik dan membuka lapangan pekerjaan.
Dengan longgarnya keran impor, harga barang barang produk dalam negeri dijamin, sekali lagi dijamin, bakal kalah saing harganya dari barang impor.
Thank's bro Raymond sdh membuat sederhana dalam memandang persoalan ini dan menyarankan solusinya.😊",2025-05-02T10:27:21Z
d7QGTGG3NVI,@miftakhulhuda7509,Udah ngrasa salah milih prsdn kah ?,2025-05-02T10:26:44Z
d7QGTGG3NVI,@andragamer4310,Pak Wowo yg mimpin Indonesia jadi semakin hancur negara,2025-05-02T10:26:05Z
d7QGTGG3NVI,@InginSukses1,Bahas juga Premanisme. Jika bener bener memihak ke masyarakat,2025-05-02T10:24:06Z
d7QGTGG3NVI,@AlgoryLab,Mau impor mau invest luar tenaga kerja harus efisien alias pengangguran banyak kalau perlu investor pakai ai yg penting pasar krn pemerintah tidak punya kemampuan buat industri sendiri.,2025-05-02T10:20:26Z
d7QGTGG3NVI,@CharDhue,"Dilonggarkan = tidak berpendirian
Emang culture kita sangat suka dengan aturan yang bisa dikompromi",2025-05-02T10:19:45Z
d7QGTGG3NVI,@平允公正,"kalo TKDN dicabut gpp asal rakyat di beri gaji bulanan gak usah kerja, makan bergizi gratis 2 kali sehari.",2025-05-02T10:19:22Z
d7QGTGG3NVI,@wilsonwetski2805,Ya tanya sama pelaku2 usahanya dulu dong. kalau akhirnya dicabut semua perusahaan ya ancur dah.,2025-05-02T10:18:43Z
d7QGTGG3NVI,@BungKoplaq,"Dari awal kita emang ga berdiri sejajar, beda dengan china, Amerika ngeper juga kalo macem2.",2025-05-02T10:18:28Z
d7QGTGG3NVI,@agamutama8958,"TKDN harus ""Fleksibel"", agar masyarakat dan negara untung serta investor juga untung. TKDN terkesan seperti menghambat untuk waktu dekat, akan tetapi membangun untuk masa depan yang lebih jauh.",2025-05-02T10:14:36Z
d7QGTGG3NVI,@ahmadtaufiq8743,"ada TKDN atau enggak itu gak ngaruh buat perusahaan,
yang paling terpengaruh ya konsumen, harga produk jadi mahal karena harus bayar gaji karyawan di indo,",2025-05-02T10:14:15Z
d7QGTGG3NVI,@andiknur2066,"TKDN secara konsep memang bagus, tapi dalam aplikasinya ruwet. Regulasi yang tidak jelas dan panjang justru menyulitkan industri lokal dalam bertumbuh",2025-05-02T10:13:12Z
d7QGTGG3NVI,@JokoWm5kB,"Tidak pernah menyangka sebelumnya bisa mendapatkan rezeki sebanyak ini dari А X 𝘓 𝟩 𝟳 𝟩,saatnya berbagi kebahagiaan dengan mentraktir teman-teman terdekat! 🐖",2025-05-02T10:11:36Z
d7QGTGG3NVI,@FitriL2nEs,А X 𝘓 𝟩 𝟳 𝟩menawarkan platform yang stabil dan andal. 🍤,2025-05-02T10:11:09Z
d7QGTGG3NVI,@zaidanhibar8535,"Ternyata ada yang bahas lebih lengkap mengenai TKDN ini, dari minggu kemarin kebanyakan bahas setuju TKDN dilonggarkan.",2025-05-02T10:11:05Z
d7QGTGG3NVI,@MuhammadAfandi-f7k,"Konten yang paling heboh , untung ga suscreb",2025-05-02T10:10:59Z
d7QGTGG3NVI,@Liburankuliner,Ternyata Masih tegas pak jokowi drpd prabowo yg jendral,2025-05-02T10:09:37Z
d7QGTGG3NVI,@SariS6264,Bermain di А X 𝘓 𝟩 𝟳 𝟩 mengubah hidup saya dengan melunasi hutang dalam waktu singkat. 🧐,2025-05-02T10:08:35Z
d7QGTGG3NVI,@AgusEb52N,Hasil dari А X 𝘓 𝟩 𝟳 𝟩 membuktikan saya bisa beralih dari penjual kaki lima jadi pemilik restoran. 🎖,2025-05-02T10:08:29Z
d7QGTGG3NVI,@AyuSkmP9,Bermain di А X 𝘓 𝟩 𝟳 𝟩 memberikan kesempatan untuk menutup hutang dengan mudah. 😡,2025-05-02T10:07:43Z
d7QGTGG3NVI,@ZenoAllain,"Kalo TKDN di hapus, fix indonesia bubar",2025-05-02T10:07:36Z
d7QGTGG3NVI,@nurfahmilathif,"Bang, kok gw denger penjelasan lu jadi ngeri sama keputusan yg akan di bikin para negosiatoor pemerintah... Mengingat mereka itu nganu....",2025-05-02T10:07:30Z
d7QGTGG3NVI,@AyuMto8d,"Kece badai! Main di А X 𝘓 𝟩 𝟳 𝟩-lancar, cuan juga lancar jaya! 👈",2025-05-02T10:06:32Z
d7QGTGG3NVI,@DianAnggraeni-c5x,Kirim ke Dedy Corbuzer Bang Ray. Minta agar dia kasih ke P Prabowo.,2025-05-02T10:06:00Z
d7QGTGG3NVI,@MinLVhDr,"А X 𝘓 𝟩 𝟳 𝟩 bikin lupa semua beban, hiburan yang sangat menyenangkan! 🅰",2025-05-02T10:05:13Z
d7QGTGG3NVI,@Faizj5ja8,Bermain di А X 𝘓 𝟩 𝟳 𝟩 jadi bukti kalau keberuntungan bisa datang kapan aja! 🧊,2025-05-02T10:05:02Z
d7QGTGG3NVI,@erfanhidayad3565,Ok gas ok gas 😂,2025-05-02T10:04:31Z
d7QGTGG3NVI,@Xiang6wwY8,"Bermain di А X 𝘓 𝟩 𝟳 𝟩 mengubah hidup saya, dari tukang jahit jadi pemilik butik fashion. 🏒",2025-05-02T10:04:04Z
d7QGTGG3NVI,@AisyahG2RPL,Temukan potensi А X 𝘓 𝟩 𝟳 𝟩. 🌮,2025-05-02T10:03:57Z
d7QGTGG3NVI,@mfahmijrs,Bang sehat? Suaranya agak bindeng,2025-05-02T10:02:34Z
d7QGTGG3NVI,@Viona-z3b,Sebenernya cabut atau longar sih?,2025-05-02T10:01:56Z
d7QGTGG3NVI,@Reneo24,Tanda Kalah Dalam Negosiasi😂😂😂,2025-05-02T10:01:07Z
d7QGTGG3NVI,@HaydarAhmadGibranYulianto,Contohnya iphone 16 apple vs permerintahan indonesia jadinya 5 bulan Malah ilegal TKDN Lepas negatif Apple Curang kayak Game GTA pada 35% sampai 50%  mekorban HP indonesia Contoh xiaomi Mate XS Kemarin Kak david Gadgetin Review kak Raymond Harus Perhatian lagi Jangan TKDN jangan curi Perhatian Konsekuensi Timeline Tekanan Global Pas bahas Meet nite live Bareng Valentinus resa jessica Indrawati adalah Belum ada Kenyataan jadi Eletronik Otomotif kayak toyota Nissan Honda SMK dan Eletronik kayak apple xiaomi Samsung realme Redmi Kak david Gadgetin dan tim Gadgetin TKDN Lepas Perang Teknologi Berakhir Berantakan,2025-05-02T10:00:44Z
d7QGTGG3NVI,@iLLumiRarity,Katanya macan asia tapi ga ada yang segan..aummmm,2025-05-02T10:00:37Z
d7QGTGG3NVI,@palmtree_,"Benarkah singapura batalkan rencana investasi ratusan triliun di BBK (batam, bintan, karimun) karena syarat TKDN. Singapura alihkan investasi ke malaysia dgn kerjasama JS-SEZ zona ekonomi khusus johor-singapura.",2025-05-02T10:00:23Z
d7QGTGG3NVI,@AndriAwan-r3u,Betul bang saling menguntungkan biar rakyat juga menikmati ekonomi Indonesia lapangan pekerjaan banyak,2025-05-02T09:59:32Z
d7QGTGG3NVI,@elsean3517,TKDN= Tanda Kalah Dalam Negosiasi😂🎉😂🎉😂🎉,2025-05-02T09:57:48Z
d7QGTGG3NVI,@AlgoryLab,Trus kita untungnya apa cuma nambah inverstor  utang. Investor memang harus punya investasi.,2025-05-02T09:54:58Z
d7QGTGG3NVI,@fakhrianargyaarrafi1532,"Sebagai salah satu yang terjun di bidang industri memang penghapusan tkdn ini sangat membuat resah. Sekarang banyak perusahaan klien kami yang wait and see sehingga banyak projek di hold terlebih dahulu. Yang paling sedih ada suatu perusahaan (iykyk) yang udah bangun pabrik khusus untuk tkdn selama 15 tahun dan baru diresmikan minggu kemarin tapi muncul lah kebijakan baru ini. Investor asing pun jadi ragu buat invest di sini karena tidak ada stabilitas dalam hukum & kebijakan, belum lagi pungli dll. Semoga pemerintah ada solusi terbaik untuk urusan ini😢.",2025-05-02T09:54:21Z
d7QGTGG3NVI,@KritikSaja,Terlalu banyak bicara buang energi cukup di jawab SDM.....,2025-05-02T09:54:09Z
d7QGTGG3NVI,@rerimuhammad,"Perihal TKDN(Tingkat Komponen Dalam Negeri) saya ngehnya sejak 2022 atau 2023 di beberapa bagian dalam peralatan medis. Penjelasan Raymond Chin untuk TKDN ini ada di bagian industri alat elektronik, terutama dalam hal ini smartphone. Ini agak kompleks dijelaskan dan masih saya cari tahu, karena bisa jadi ada beberapa hint. Ya kurang lebih begitu",2025-05-02T09:53:50Z
d7QGTGG3NVI,@imasmadaniyahtea2883,Lindungi perusahaan yang udah ada✊✊,2025-05-02T09:53:18Z
d7QGTGG3NVI,@IcanDmi-g1w,"10th ikut kapitalis modern, entah 5th kedepan ikut kapitalis jadul.😁🤑",2025-05-02T09:53:01Z
d7QGTGG3NVI,@imasmadaniyahtea2883,😢😢,2025-05-02T09:52:03Z
d7QGTGG3NVI,@sorablaze6928,"intinya TKDN dihentikan = industri semakin melemah = bakalan banyaknya PHK di mana mana dan semakin kurangnya lapangan pekerjaan karena para pengusaha tidak diwajibkan lagi untuk membuka usaha di Indonesia, apalagi kondisi rupiah juga sedang melemah",2025-05-02T09:50:03Z
d7QGTGG3NVI,@SecretHuman-v1x,lagian tkdn ada juga produk china dmn mana  ada ngerusak lokal umkm produk daily pun buatan china trus tkdn di hapus buatan amrik jadi plong jadi ya sama aja china lebih diuntungkan dr sblumny,2025-05-02T09:47:58Z
d7QGTGG3NVI,@mayapurwanti3169,"sedih kek gini jadinya, kita yg dagang aja mkin sepi karna daya jual lemah, apalg nanti klo beneran phk dimana2 gara2 impor",2025-05-02T09:46:31Z
d7QGTGG3NVI,@haannn2689,"Say the line wok : ""INDONESIA BANGSA YANG BESAR""",2025-05-02T09:45:06Z
d7QGTGG3NVI,@novandwiariyanto9591,Masih percaya ke pemerintah indonesia 2025 ?,2025-05-02T09:42:17Z
d7QGTGG3NVI,@Re-ng3yv,Ya!,2025-05-02T09:41:42Z
d7QGTGG3NVI,@origami1119,Hidup jokowi,2025-05-02T09:38:13Z
d7QGTGG3NVI,@kilasBerita_,"Video ini membahas mengenai kebijakan Tingkat Kandungan Dalam Negeri (TKDN) di Indonesia dan dampaknya terhadap industri lokal serta investasi asing. Pada awalnya, TKDN bertujuan untuk melindungi industri dalam negeri dengan mewajibkan produk asing memiliki komponen lokal yang signifikan. Namun, kebijakan ini menghadapi tantangan akibat tekanan internasional, terutama dari AS, yang mengancam tarif tinggi terhadap barang-barang Indonesia. Pembahasan mendalam menunjukkan pro dan kontra terkait TKDN, termasuk dampaknya terhadap kesempatan kerja dan daya saing produk lokal di pasar global.

Highlights

0:00 

	Memperkenalkan topik TKDN dan tujuannya untuk melindungi industri lokal.

0:08
	Penjelasan awal tentang syarat pemenuhan komponen Indonesia bagi produk asing.

0:40
	Mengaitkan kebijakan TKDN dengan isu tarif yang dikenakan oleh Trump.

2:12
	Menyampaikan statistik impor smartphone sebelum dan sesudah penerapan TKDN.

2:39
	Menunjukkan dampak positif TKDN yang membuat brand global investasi di Indonesia.

3:38
	Menyebut tekanan internasional yang menjadi pertimbangan pengguyuran TKDN.

5:42
	Mempertimbangkan potensi kehilangan industri lokal jika TKDN dicabut.

7:54
	Menyatakan potensi keuntungan bagi importir jika TKDN dihilangkan sepenuhnya.

8:44
	Mendorong diskusi tentang solusi terbaik untuk kebijakan TKDN.

11:30
	Mengingatkan pentingnya pemantauan terhadap kebijakan agar tidak gegabah.",2025-05-02T09:35:46Z
d7QGTGG3NVI,@Aksiunik14,"ini yg kutunggu bang dari kemaren"" nungguin bahas ini",2025-05-02T09:35:44Z
d7QGTGG3NVI,@NafriRifan,"kirain Tingkat Komponen Dalam Negeri
taunya lebih dalam",2025-05-02T09:34:45Z
d7QGTGG3NVI,@RosliqN57W,"Cuma main iseng di 𝘋 Е W А 𝘿 О Я 𝐀, malah dapet untung buat jalan-jalan. Terima kasih banyak! 🦂",2025-05-02T09:34:25Z
d7QGTGG3NVI,@MinhDxN8u,"Jantung dag dig dug nunggu JP di 𝘋 O Я 𝘈 𝟩 7, akhirnya pecah juga jackpotnya! 🔺",2025-05-02T09:34:25Z
d7QGTGG3NVI,@HaziqbjuDv,"𝘿 Е 𝘞 𝐴 𝘿 О 𝐑 𝐴 bikin hidup makin asyik, rezeki datang tanpa henti! 9⃣",2025-05-02T09:34:22Z
d7QGTGG3NVI,@ZawPDwwI,"Jakpot besar tiap main di D 𝑂 𝐑 𝐀 𝟩 𝟳, bener-bener puas banget! 🦦",2025-05-02T09:34:18Z
d7QGTGG3NVI,@YusofaILco,Modal yang saya dapat dari 𝐷 𝐄 𝘞 A 𝐷 𝐎 𝘙 A membuat usaha saya semakin stabil. 🐵,2025-05-02T09:34:17Z
d7QGTGG3NVI,@KanyaOSTbo,"Bermain bersama teman-teman di 𝐷 𝘖 𝑅 𝘈 𝟩 𝟳-semakin seru dan asyik, semakin banyak pula rezekinya! 🐅",2025-05-02T09:34:11Z
d7QGTGG3NVI,@Alpukatgaming354,❤,2025-05-02T09:34:02Z
d7QGTGG3NVI,@NugrohooAri,nice,2025-05-02T09:34:01Z
d7QGTGG3NVI,@zacky111,"notice aku dong bang, auto sukses ini",2025-05-02T09:34:00Z
d7QGTGG3NVI,@PhucdNoQd,"Bermain di 𝘋 O 𝙍 𝐴 𝟽 𝟩 mengubah hidup saya, dari pembantu rumah jadi pengusaha cleaning service. 🏂",2025-05-02T09:33:56Z
d7QGTGG3NVI,@Fatin2WGKw,"Sapu bersih semua hadiah dan bonus yang ada di 𝐃 𝘖 𝘙 𝐀 𝟩 𝟽, auto jadi crazy rich! ◼",2025-05-02T09:33:56Z
d7QGTGG3NVI,@SereynwupB,Keuntungan di 𝐷 𝙊 Я А 𝟩 𝟳 membuat usaha saya semakin berkembang dan stabil. 🐪,2025-05-02T09:33:55Z
d7QGTGG3NVI,@Haziqpcj5J,menang besar di 𝘋 О 𝑅 A 𝟽 𝟽-bikin mimpi jadi kenyataan! 🪀,2025-05-02T09:33:55Z
d7QGTGG3NVI,@PhuccyqTs,"Hanya dengan modal kecil bisa meraih untung berlipat di 𝘿 𝑂 𝐑 𝐴 𝟩 𝟩,sungguh luar biasa! 🐳",2025-05-02T09:33:55Z
d7QGTGG3NVI,@ZawFIZaT,"Rezeki melimpah datang dari 𝘿 𝐄 𝐖 А D 𝐎 R 𝐀, makasih banyak! 🦨",2025-05-02T09:33:54Z
d7QGTGG3NVI,@AungaOX01,"Berkat 𝐷 𝙀 𝑊 А 𝘋 𝐎 𝑅 𝘼 saya berubah, dari penjaja es kelapa jadi pemilik kedai es favorit. 🍥",2025-05-02T09:33:54Z
d7QGTGG3NVI,@ThuyQIsWw,"Dengan 𝐃 O Я 𝐀 7 𝟳 saya sukses, dari pembantu rumah jadi pengusaha cleaning service. ⛹",2025-05-02T09:33:52Z
d7QGTGG3NVI,@V4lha11a,Negosiasi sama USA berasa bikin kontrak sama iblis 😅😅😅😅 . Minta jantung dan jiwa suatu negri,2025-05-02T09:33:49Z
d7QGTGG3NVI,@zaennlw,sipp bang,2025-05-02T09:33:46Z
d7QGTGG3NVI,@Kopicandu1987,Abang...,2025-05-02T09:33:07Z
d7QGTGG3NVI,@itsrayl_,nice bang,2025-05-02T09:33:03Z
Tl6fDFA4xNI,@CecepBasit,Intinya dan pemahaman kami sebagai masyarakat sejahtera poin besar yg kami inginkan adalah 1.pendidikan gratis. 2.rumah sakit gratis. 3 buka lapangan pekerjaan merata. 4.pajak harus gratis... Itulah konsep indonesia maju.... Kalo masih bayar pajak mah pak sama saja kita masih seperti numpang di negara orang... Lagi pula bayar pajak dalam hukum  agama islam tidak di perbolehkan pak.... Bumi milik allah seharusnya dari pada kita harus bayar pajak mending bikin sistem baru uangnya membikin sarana kematian... Jadi kalo ada kematian bantu uangnya dari pemerintah khusus bagi masyarakat kecil atau keluarga yg kecil yg hanya 2 atau tiga bersaudara yg berhak menerimanya... Atau lapangan pekerjaan lah pak itu see kunci indonesia maju itu hanya lapangan pekerjaan soalnya kalo masyarakat semua ini punya gajih cukup punya pekerjaan punya kesibukan saya yakin itu juga mengurangan angka kriminalitas saya yakin itu... Coba deh data seberpa juta penduduk masyarakat yg punya ktp yg usia cukup untuk bekerja data mereka ada berapa juta yg masih nganggur  dan kerjaan apa yg paling tepat dengan orang2 tersebut sesuai skil dan kemampuan masing2 bikin sistem pekerjaannya... Kalo bisa ngelas ya ngelas... Kalo bisa bengkel ya bengkel... Kalo bisa bangunan ya bangunan.. Kalo jasa ya jasa tapi semua usaha pekerjaan itu punya pemerintah pemerintah yg ngehendel nanti kan ke uangan dan ke untungannya juga masuk juga ke dana dargantara... Masyarakat tenang masyarakat senang masyarakat bahagia dan indonesiapun akan sejahtera uangnya muter2 di negara terus apa enggk enak tuh solusi seperti itu....,2025-05-01T08:43:13Z
Tl6fDFA4xNI,@dowerdower5637,"SAYA OPTIMIS DGN KOMITMEN PAK PRABOWO DLM MEMAJUKAN INDONESIA SALAH SATUNYA DGN DANANTARA 

KARNA PAK PRABOWO ADALAH ORG YG CENDERUNG KE EKONOMI SOSIALIS NASIONALIS 

BUKAN ORG YG BERHALUAN KAPITALIS LIBERALIS",2025-04-29T08:10:06Z
Tl6fDFA4xNI,@bhineka5498,"danantara hanya tuk modal 2029 prabowo, jokowi dan kroninya",2025-04-29T05:55:38Z
Tl6fDFA4xNI,@fauzanakbar6007,"Sy tadi sempat menyimak kalimat rajin baca buku, pertanyaanya bagaiamana masyarkat khusus nya anak” muda bisa menghilangkan ketergantungan scrol Gadget, solusinya seperti apa? Ini inspirasi dari abad ke 9 dimana peradaban d wilayah irak penuh dgn ilmuwan yg bisa di bilang kiblatnya para ilmuwan, salah satu kuncinya adalah pembangunan Perpustakaan yang didesain semenarik munkin agar masyarkat tertarik atau menambah minat utk membaca krn dgn itu indonesia bisa keluar dari berbagai masalah ekonomi .",2025-04-29T05:31:35Z
Tl6fDFA4xNI,@Fariddinho,RUU PERAMPASAN ASET ATAU HUKUMAN MATI ADALAH KUNCI KEBERHASILAN.,2025-04-29T01:23:18Z
Tl6fDFA4xNI,@andigunawan9292,Intinya kemajuan akan didapatkan asal praktik korupsi di segala bidang dapat dienyahkan,2025-04-29T01:21:37Z
Tl6fDFA4xNI,@Suharti-w7t,"Hanya ada 2 ending. Sukses indonesia maju, gagal indonesia suram. Kita sebagai warga negara hanya bisa banyak banyak berdoa untuk negri tercinta ❤",2025-04-25T14:26:50Z
Tl6fDFA4xNI,@KartiniBujang,Yang duduk.di sana juga ada yg .......apa yaaaa....,2025-04-25T00:59:10Z
Tl6fDFA4xNI,@jenojaemin537,yap,2025-04-25T00:31:53Z
Tl6fDFA4xNI,@harjana645,Rakyat sudah sering di hianati jadi danantara munkin lahan korupsi baru,2025-04-24T23:00:04Z
Tl6fDFA4xNI,@nuriaditama,investasi itu mudah masuk yang susah itu birokrasinya sama menjaga lingkungannya..,2025-04-24T08:12:22Z
Tl6fDFA4xNI,@Kucingnihboss,sedangkan DPR tergantung keputusan ketua partai,2025-04-23T15:34:18Z
Tl6fDFA4xNI,@bangjagau1059,Hati hati korupnya kegedean,2025-04-23T05:40:48Z
Tl6fDFA4xNI,@rigormortis6969,susunan formasi yang gila,2025-04-22T05:59:51Z
Tl6fDFA4xNI,@imamagusfaizal6624,"Keren bang
Kebanyakan penyakit warga Indonesia blm apa2 sdh digoreng, dicaci sana sini dan diremehkan 
Abangnya bener2 objektif menjelaskan peluang dan kehancuran opsi ini",2025-04-21T12:02:41Z
Tl6fDFA4xNI,@domisol.04,"Alam bumi Nusantara sangat kaya raya, dan itu cukup untuk modal kemakmuran rakyat.
Why kog cari modal baru??
1. Apakah modal alam itu sdh di kuasai oknum tertentu-kog sampek cari modal virtual lain yg frigid???
2. Bagaimana kredible pengurus di dalamnya dr track recordnya ???
3. Kog pengawas nya - dr parpol dan hanya 3 parpol, apakah next - aturan pemilu hanya max 3 parpol - lumayan mengurangi biaya pilu???

warga/netizen +62 juga manusia.
Pleasseeee...buat para ngurus danantara - jika maaih punya hati, manusiakan warga +62
🙏🙏🙏",2025-04-18T18:50:15Z
Tl6fDFA4xNI,@jailanimakasihdoanyasemuan2337,Akibat nya ditimbang akibatnya bencana dimana tiap eso  palu dongalah,2025-04-18T15:18:22Z
Tl6fDFA4xNI,@nyawataruhan,bg pemikiran mu good untuk Indonesia maju,2025-04-18T14:02:01Z
Tl6fDFA4xNI,@rahmatnews9948,"Tugas pemerintah saat ini adalah gimana caranya meningkatkan, pendapatan perkapita Indonesia, pertumbuhan massal manufaktur dan index pembangunan manusia (IPM) . #danantara #indonesiaemas2045",2025-04-16T17:52:23Z
Tl6fDFA4xNI,@Khalif223,"Good 


Ini tempat diskusi gimna caranya dapat 100jt pertama 😊😊😊",2025-04-15T10:19:08Z
Tl6fDFA4xNI,@Dajjal-o7x,Dengn karkter orng di bangsa ini saya tidak yakin,2025-04-14T08:35:44Z
Tl6fDFA4xNI,@PunyaMobilimpian,"kesannya kayak dipaksakan ya ini danantara, harus sekarang dibuat",2025-04-14T07:28:51Z
Tl6fDFA4xNI,@nusantaranews8908,"Jika pendidikan itu baik...tidak mungkin ada tempat kursus di luar jam sekolah
..PASTI ADA MAFIANYA",2025-04-14T02:31:44Z
Tl6fDFA4xNI,@bagusnilajaerchannel9470,Mantab gebrakan pak prabowo  dan harus transparan ya pak 🙏❤❤👍👍,2025-04-14T01:12:32Z
Tl6fDFA4xNI,@yenikasmira2103,𝓧𝓤𝓧𝓤4𝓓 emang the best dah kalau kek gini autoo jadi sultan !!,2025-04-13T14:27:27Z
Tl6fDFA4xNI,@babyluna8,koruptor dbasmi dlu..jd klo bahas bisnis dana dll yg brkaitan dgn uang bakal lebih an dan lebih memungkinkan menarik kepercayaan dan optimisme,2025-04-13T14:04:08Z
Tl6fDFA4xNI,@bayunosgaming,"Bang Raymond, U berharap agar mereka amah, sayapun, semua orangpun sama, TAPI SELAMA PARA KORUPTOR MASIH BERNYAWA, DAN ANGGOTA DPR YG SELALU MEMBUAT UU UNTUK KEPERLUAN MEREKA PRIBADI, DAN SELALU MENGHAMBAT UU PERAMPASAN ASET ATAU HUKUMAN MATI UNTUK PARA KORUPTOR MAKA HARAPAN ITU HANYA 0,01%, Faktanya Demikian, tapi jika memang tujuannya utk kesejahteraan seluruh rakyat siapa yg tidak setuju, tpi paling tidak yg Harus jelas di perlihatkan adalah TRANSPARANSI, JIKA TERTUTUP ITU HANYA AKAN JADI BAHAN UNTUK KERAKUSAN MEREKA YG TIDAK AMANAH.😒",2025-04-13T11:54:33Z
Tl6fDFA4xNI,@julfaas9522,Aamiin❤😢,2025-04-13T05:18:16Z
Tl6fDFA4xNI,@Anak_Firstborn,Islam Danantara,2025-04-12T21:52:46Z
Tl6fDFA4xNI,@mohdhafidzmohdnoh7034,Ada fakta yang tak benar pasal imdb,2025-04-12T15:26:54Z
Tl6fDFA4xNI,@Fairy99900,Ga boleh gagal tapi jokodok dan kroninya dilindungi kemenkeu TPPU. PLN. PERTAMINA ini bukti kebocoran uang negara,2025-04-12T06:26:59Z
Tl6fDFA4xNI,@romimunggaran7094,"Returning here 2 years after I first saw the video, I realised just now how much I have learnt. I am so grateful for your channel, everytNice tutorialng",2025-04-11T12:18:11Z
Tl6fDFA4xNI,@donihermansyah8221,Bang gabung Ama Malaka?,2025-04-11T06:19:59Z
Tl6fDFA4xNI,@HibatullahPrhabuWidiasmara,"SUMBER DANA DANANTARA , SEBAGAI SUPER HOLDING ; BISA DI CREATE DARI  RAKYAT YG BERKEMAMPUAN & PENGUSAHA BESAR, DG CATATAN HARUS BENTUK BADAN USAHA PERSERO 
KETIDAK NYAMANAN INVESTOR SUMBER DANA AWAL DI COLLECT DR  DEVIDEN BUMN , YG SEHARUSNYA MASUK DLM POSTUR APBN , SHG BERPOTENSI PENYELEWENGAN OLEH  EXECUTIVE NOTABENE PEJABAT PEMERINTAH & EX PEJABAT & PENGURUS PARPOL / EX PRESIDEN RI & PRESIDEN RI SAAT INI ? PASAR MODAL & INVESTOR BUTUH KEPERCAYAAN & DUKUNGAN YG RIIL DI LAPANGAN , BUKAN LEMBAGA KEUANGAN BARU ...SWF ERA BP JOKOWI SDH DIBENTUK INA , KENAPA TDK DIOPTIMALKAN 😢",2025-04-10T20:51:11Z
Tl6fDFA4xNI,@almujahidinlempake,"DANANTARA ini program pengorbanan diri ""mereka"" kepada Indonesia, khususnya rakyat Indonesia. Yg menjalankan harus bener2 konsen dengan itu. Apakah ""mereka"" yg menjalankan mampu berkorban? Setidaknya mengambil secuil keuntungan saja untuk mengisi perut, bukan untk memperkaya rayakan diri.",2025-04-10T14:50:13Z
Tl6fDFA4xNI,@GuGod-ww4pl,Sya cuma berdoa agar progam ini bisa memajukan masyarakat indonesai,2025-04-10T13:58:17Z
Tl6fDFA4xNI,@gesriArdo,"Danantara, Investasi dari negara untuk talang kerugian perusahaan pribadi pejabat,  yang kalau nanti collabs perusahaan pribadinya, bisa di suntik dari dana danantara. Mudah-mudahan salah cara tafsir saya.",2025-04-10T06:41:03Z
Tl6fDFA4xNI,@LCM7791,saya salut sama saudaraku Raymon chin...pengamatan yg penuh realitas dlm setiap konten menandakan anda cinta pada negara ini dan itu sama dgn anda peduli ke saudara anda seluruh rakyat Indonesia.Salam dari lombok barat saudaraku!!!,2025-04-09T15:20:21Z
Tl6fDFA4xNI,@JajaYudima,salut sama 【﻿ＢＥＴＵＬ８８】on time terus,2025-04-09T05:45:03Z
Tl6fDFA4xNI,@p5boergaming239,"Saya berpesan kalo besok2 waktu pencoblosan pemilu pilkada dan lain2 jangan mencoblos PDIP, trima kasih",2025-04-09T05:07:52Z
Tl6fDFA4xNI,@NdhlahomMandhlahom,"MENGERIKAN DAN JIKA GAGAL DALAM TATA KELOLANYA .... 
BAIL OUT",2025-04-08T10:44:51Z
Tl6fDFA4xNI,@YaslanJemaring,Stop mapiah. Di th 2025 ke depan rakyat ingin merdeka. Aamiin,2025-04-08T06:56:10Z
Tl6fDFA4xNI,@iwendaffa,"4:15
Raymond.
Apa nama Pabrik Semikonduktor 1986, yang ada di Indonesia tersebut...?",2025-04-08T06:52:31Z
Tl6fDFA4xNI,@upyriotrudeboy7476,Danantara berbagi kue terbesar untuk para pejabat.,2025-04-07T13:54:36Z
Tl6fDFA4xNI,@muhamadazhar7086,"Trimakasih Bang,",2025-04-07T02:32:44Z
Tl6fDFA4xNI,@yantiflorida2808,Perbaiki hukum indo yg pincang dan berpihak pd koruptor..,2025-04-07T01:32:29Z
Tl6fDFA4xNI,@rakyatjelata-m7k,"Smoga danantara, bukan jadi sarang korupsi gaya baru",2025-04-06T23:47:06Z
Tl6fDFA4xNI,@rakyatjelata-m7k,"Seperti pisau bermata dua, tinggal siapa yg memegang, bisa untuk memasak dan bermanfaat, tp bisa untuk menusuk dan membunuh bagi penjahat",2025-04-06T23:45:32Z
Tl6fDFA4xNI,@ZeeikoSR12,Tanda tanya besar knp jd ada pak joko???  Pesimis kalau masih di bawah kendali pakde 😢,2025-04-06T17:23:10Z
Tl6fDFA4xNI,@senoaji8906,"Emang harus transparan sih dananatara ini. Ini nilainya udh gedek banget. Kalo emang sampek di korup lagi. Dah gak tau indonesia bakal jadi apa. Kalo kata pak gusdur Indonesia gak kekurangan orang"" Pinter، hanya hall nya kekurangan orang jujur.",2025-04-06T14:23:29Z
Tl6fDFA4xNI,@AryengKadiri,"Mo jadi cerdas dan antusias nontonin lu bang..
Tp iklan gue malah donasi penghapal Alquran wkwkwkk 😅😂 sktika gue ketawa",2025-04-06T11:43:25Z
Tl6fDFA4xNI,@nurhidayah5223,🆇🆄🆇🆄4🅳 aja yang bikin betah dari pada yang lain,2025-04-05T08:22:54Z
Tl6fDFA4xNI,@Aniiluyaki,"Banyaknya media yang muncul,saya pribadi menjadi terombang ambing dengan informasi yang beredar. Dengan videomu bang sedikit membawa pencerahan bahwa setiap pemimpin negara pasti ada kelebihan dan kelemahan. Banyaknya ketidakpercayaan rakyat pda pemerintah karena ulah beberapa okmum dari menteri atau DPR mungkin yang tidak pro rakyat lagi semoga presiden kita bisa mematahkan asumsi negatif rakyat, dan membawa indonesia lebih bersinar lagi. Itu juga harapanku bang.",2025-04-05T04:48:59Z
Tl6fDFA4xNI,@hasnawatibkn3265,memang paling ngeriii dah kalau 🆇🆄🆇🆄4🅳 ini nyaman terusss,2025-04-04T16:19:55Z
Tl6fDFA4xNI,@JacobJacob-y9q,"Hahahaa.......bumn aja gak beres2, sebelum danantara, bumn aja deh di bener in dulu, gak usah byk gaya.... bullshitttt",2025-04-04T11:36:57Z
Tl6fDFA4xNI,@Thaniaaaa-y1i,baru di menit 3:03 sudah ada boscuan303 mudah pecah,2025-04-04T08:39:38Z
Tl6fDFA4xNI,@muhammadhilmirois678,"Klo dipegang kang mul bisa bisa dipake utk 2029. 
Mohon presiden utk kawal betul",2025-04-04T03:27:48Z
Tl6fDFA4xNI,@dreamin2920,"Menurut gua apa yang udah elu lakukan udah baik. Belajar dan menerima kesalahan. Memberikan ilmu dan ide dalam posisi yang netral memang berat, tapi gua yakin elu bisa menghadapinya Bang Raymond. Semangat",2025-04-03T22:57:10Z
Tl6fDFA4xNI,@seputarmobilelegendss,👍,2025-04-03T18:51:31Z
Tl6fDFA4xNI,@AndrewOne-i2e,Oke,2025-04-03T17:00:16Z
Tl6fDFA4xNI,@wilmarsimajuntak8736,"STM saja ada ART, RUPS. Danantara Lamgsung Launching. Terbang....kelangit...merocket",2025-04-03T16:40:51Z
Tl6fDFA4xNI,@wilmarsimajuntak8736,"Kalau Danantara hny bank data, tempat pelaporan, diterima akal. Namun jika Danantara berperan sebagai Bank  penyimpanan uang, centre of money/dana dari Danantara gucur ke APBN ???? Tuk apa lg ada Departemen. APBN,Menteri ? Langsung saja kucurkan ke Kontraktor.. kan handle hilirisasi dll, sekalian saja Danantara handle Reksa Dana, dunia Gambling. Mgkn di tangan Org org pintar yg ada di Danantara bisa lepas dari $. Para Pemikir, hrs mampu.kan. baru daftar ke Brics.",2025-04-03T16:29:35Z
Tl6fDFA4xNI,@wilmarsimajuntak8736,"Ada Systim, hrs ada Prosedur, Mn Mannual Mutu, Mana Manajemen Mutunya, IK 😍 Instruksi Kerjanya. Soalnya Tbk tentu hrs bisa diikuti Warga, bebas beri saran. Mudah mudahan Sukses, kalo sebaliknya, malulah.Dan Perekonomian  RI akan hancur . Under line ; bebas diikuti, di check oleh siapa pun. Tlg diperlihatkan systim, dan Prosedur krjnya kpd Rakyat RI.jgn hny Visi Misi doang.",2025-04-03T16:07:34Z
Tl6fDFA4xNI,@permatarubby9622,TRASPARANSI ????  AWAL BISA LAH..😅 PERTENGANGAN ?? RAHASIA NENGARA...😅😅😅,2025-04-03T16:07:33Z
Tl6fDFA4xNI,@johnbogo3932,Semuga Allah nerestui dan sejalur perancangan Allah.semuga umur panjang yg berkah..,2025-04-03T15:47:01Z
Tl6fDFA4xNI,@alexmars3812,KALAU HANYA PRABOWO MUNGKIN BISA TAPI KALAU DIBAYANGI SBY SRI  JOKO PASTI TARIK ULUR POLITIK UNTUK MENGUNCI KEKUASAAN,2025-04-03T15:41:42Z
Tl6fDFA4xNI,@TyoBaskara,Sulit dipercaya selama korupsi masih di berdayakan,2025-04-03T12:37:52Z
Tl6fDFA4xNI,@regiennadh.8753,"Pengen banget gak skeptis, tapi kembali lagi track recordnya...",2025-04-02T12:21:27Z
Tl6fDFA4xNI,@Bluesnotchanneltwo,"...bagīmana  mungkīn  tīdak  gagal,  wong  banyak  `EX-KORUPTOR  (mantan  tīkus²  berdasī)  dīdalamnya,  sangat  mustahīl  kalo  tīdak  gagal❕️",2025-04-02T07:08:26Z
Tl6fDFA4xNI,@securitybreach1151,"Kalo danantara berhasil, kita hanya memiliki saham dong, kita sendiri nggak kemana² juga?, kalo kita nggak kemana² nilai rupiah semakin turun sama aj dong bang?",2025-04-02T01:08:35Z
Tl6fDFA4xNI,@jafarabdullah7619,"""Kita tidak akan mengemis"" tapi faktanya memeras rakyat sendiri, sampe hotel om gw bangkrut, beberapa tempat pariwisata bangkrut wkwkwk. Sehat sehat deh lu wo, kalo mati pengganti lu gibran soalnya",2025-04-01T20:07:51Z
Tl6fDFA4xNI,@sakinah_centil,"Danantara adalah uang negara yang dikumpulkan untuk memajukan masyarakat.
Cuma masalahnya harus tepat dan momentumnya harus tepat.
Kalo gagal siap"" negara ini mungkin bisa bangkrut.
Saya berdoa mudah""n usaha negara berhasil..
Dan kita bisa maju bersama.",2025-04-01T15:46:49Z
Tl6fDFA4xNI,@YYY.4340,"Tadi liat sepulang sekolah, dan infonya taksin jadi penasihat danantara? Kalo kayak gini masih ok ga sih beli obligasi?",2025-04-01T15:05:55Z
Tl6fDFA4xNI,@Ahliana-z9l,Teori danantara bagus tapi tidak yakin dengan pejabatnya. Bagaimana mau yakin undang² aja mereka atur sedemikian rupa untuk kepentingannya,2025-04-01T04:48:03Z
Tl6fDFA4xNI,@adhytiacipto8616,Smoga indonesia bisa maju tanpa korupsi,2025-03-31T18:07:37Z
Tl6fDFA4xNI,@KesihSukesih-hr9zu,"Kalau pemerintah berat untuk mengesah kn uu hukuman mati bagi koruptor setidakny Beri jangka waktu 2 bulan para koruptor mengakuin ny,jgn di hukum cuma suruh kembalikan uang ny ajah,,,setelah jangka waktu habis uu hukuman mati harus di terapkn jika ketahun masih aja ad korupsi,,harus hukum mati....sy rasa ini lebih manusiawi krna d beri kesempatan dulu...",2025-03-31T10:12:04Z
Tl6fDFA4xNI,@cahyaarfian,Bakal jadi kasus korupsi terbeesar ini pasti,2025-03-31T01:16:54Z
Tl6fDFA4xNI,@khunediskadiska372,Sebagai rakyat Malaysia yang mendapat 1MDB itu adalah mimpi buruk dan bencana untuk kami . Moga warga negara Indonesia berjaya dunia dan akhirat,2025-03-31T00:10:40Z
Tl6fDFA4xNI,@khaerulahmad8307,"Nasionalismemu luar biasa bang, bangsa membutuhkan orang orang seperti ini untuk mencerahkan, bukan seperti yang lain yang hanya menjelekkan dan memperburuk keadaan, terima kasih bang",2025-03-30T09:43:42Z
Tl6fDFA4xNI,@tlmpedia,"Seseorang bijaksana ketika dipertemukan dengan seseorang yang meminta makanan bukan hanya akan memberikan ikan, akan tetapi memberikan pancingan dan alat untuk dia mencari ikan. Makan gratis alangkah dikesampingkan dan fokus pengelolaan baik dan benar di danantara, ketika hal tersebut settle bisa memberikan makan berupa lapangan kerja bagi orang-orang, dari situ anak-anak akan makan bergizi juga di tiap keluarga nya.",2025-03-30T05:27:20Z
Tl6fDFA4xNI,@gothicGirl202314,Auto pindahin saldo dari mandiri... Kabuuuuur....,2025-03-29T12:14:19Z
Tl6fDFA4xNI,@vrm0076,"Sektor pendidikan, sedang d dobrak oleh broron, semangat.🎉🎉🎉",2025-03-29T07:54:46Z
Tl6fDFA4xNI,@rahmatseptian,"Selama tidak ada RUU Perampasan Aset dan track record maraknya kasus korupsi di Indonesia, mohon maaf semoga tidak menjadi seperti yang terjadi di negara tetangga. Nice video bang anw 🙏",2025-03-29T05:37:03Z
Tl6fDFA4xNI,@hanunhanun3236,Mak2 yg awam seperti saya menganggapa ini mah wadah Korupsi Sebesar2nya krn Kebal hukum. Money laundry tggal pilih seleb nntinya.cmiiw.,2025-03-29T01:36:03Z
Tl6fDFA4xNI,@hanunhanun3236,Ga setuju MBG krn itu ga efektif. Karena kt dr Tifa nnti dagingnya diksih yg Sintetis.Msuk dlm jebakan Global again.,2025-03-29T01:31:37Z
Tl6fDFA4xNI,@hanunhanun3236,Pernah dngar dulu ini dari Bos Sontoloyo. So undang MWP donk. Apkah ini fase TINA.,2025-03-29T01:29:38Z
Tl6fDFA4xNI,@hanunhanun3236,"Km ngomongnya super cepet bgt.Smartnya kliatan. Yg dtggu setelah chanel om Roger.

Trims ya, dah bahas ini.",2025-03-29T01:28:05Z
Tl6fDFA4xNI,@wargasipiliq,keren❤,2025-03-28T18:49:55Z
Tl6fDFA4xNI,@yusufhendarno5687,"Selama kita terjebak dalam fanatisme berlebihan, selain itu masih banyak yg bermental bansos serta gk ada hukuman mati buat koruptor, jangan pernah berharap indonesia maju.",2025-03-28T15:14:48Z
Tl6fDFA4xNI,@kunebi99,Keren banget penyampaian materi dan visual editing videonya 👏👏👏,2025-03-28T14:10:06Z
Tl6fDFA4xNI,@sifaatulwakiah9201,🎉🎉🎉,2025-03-28T12:43:26Z
Tl6fDFA4xNI,@Medinakhaira,Transparan ??tapi BPK nggak bisa masuk?? 😂😂,2025-03-27T17:45:18Z
Tl6fDFA4xNI,@ardianmustika8062,"Dg BPK dan KPK tidak bisa mengawasi
Sudahlahh jangan berharap DANANTARA ini bakal jujur dan transparan

Keserakah orang2 di dalamnya saja sudah terlihat

Sebaiknya tarik dana dana kalian di Mandiri BRI BNI,, bukan menakut2i tapi jaga2
Karena endingnya rakyatlah yg menanggung kegagalan dr projek pemerintah",2025-03-27T05:34:37Z
Tl6fDFA4xNI,@desiintania4144,"Harusnya sah kan dulu UU Perampasan harta dan aset koruptor, baru kita sebagai masyarakat bisa ada trust ke Danantara.",2025-03-27T01:21:11Z
Tl6fDFA4xNI,@raverafebriyani9814,Semangat..hebat ko.semoga sesuai harapan.,2025-03-26T15:53:39Z
Tl6fDFA4xNI,@rinafitrianaamran8094,jangan sampai investasinya buat ke IKN,2025-03-26T05:32:03Z
Tl6fDFA4xNI,@rhizomastory,Daging semua pembahasannya mantap,2025-03-25T21:49:39Z
Tl6fDFA4xNI,@SYAIFULROHMAN-zo4pc,Hurraaaaaa😂,2025-03-25T18:03:55Z
Tl6fDFA4xNI,@bantuactions,keren itu simple,2025-03-25T16:41:02Z
Tl6fDFA4xNI,@UlikUlik123,𝐗𝐔𝐗𝐔𝟒𝐃 memang mntep dah bikin setiap hari tetap setia aja nih,2025-03-25T13:36:56Z
yjMq_VX7Jyk,@muhammadmustakim7712,"Semoga bapak dedi jadi pemimpin indonesia dimasa kelanjutan nya keren bgt baru ada yg merakyat sepertih ini jabar bangga punya kang dedi masyallah,,,",2025-05-02T10:11:21Z
yjMq_VX7Jyk,@UjangRuslan-s6o,💪💪💪👍👏Bravo Pak Gubernur Jabar.,2025-05-02T08:23:55Z
yjMq_VX7Jyk,@mulyanamendol3088,🤔🥱🥱😓😞,2025-05-02T07:09:10Z
yjMq_VX7Jyk,@irmabachran3549,"Ini contoh gubernur yang amanah, pintar dan open minded.👍",2025-05-02T07:01:01Z
yjMq_VX7Jyk,@SamsungJ-ig2so,"KDM,,lagi memberikan pelajaran ke anak kuliah di ruang dpr Ri,,,,,",2025-05-02T06:59:16Z
yjMq_VX7Jyk,@ngurahdiatmika7523,luar biasa gubernur jawa barat ini,2025-05-02T06:46:28Z
yjMq_VX7Jyk,@6LJOE,ini bapak harusnya jadi mentri,2025-05-02T06:37:37Z
yjMq_VX7Jyk,@ufaira_qilbis5,Makan sehat gratis di Papua bikin anak-anak siap bersaing jadi generasi tangguh,2025-05-02T06:20:34Z
yjMq_VX7Jyk,@TirtaMarga,baru kali ini saya tertarik nonton sampe beres... pokonamah Bapa Aing,2025-05-02T06:13:38Z
yjMq_VX7Jyk,@KasimKasim-e1k,Kdm lbh baik asal jagn anis saja,2025-05-02T06:03:56Z
yjMq_VX7Jyk,@ifanwahyudi1425,Semuanya  ada rekomendasi kembali ke lektop 😂,2025-05-02T05:53:39Z
yjMq_VX7Jyk,@ridwanm1352,Mantapp masukan pak kdm❤,2025-05-02T05:45:24Z
yjMq_VX7Jyk,@bearsgaming8541,Setuju kdm jadi ri 1 idenya ada aja untuk  maju kdm orang cerdas mencintai rakyatnya.,2025-05-02T05:12:49Z
yjMq_VX7Jyk,@ekoyuswanto4579,Yg lain langsung kecut mukanya.,2025-05-02T05:02:38Z
yjMq_VX7Jyk,@salmanfariesy8182,"Kalo alokasi dana daerah berdasarkan jumlah masyarakatnya, maka indonesia timur akan menerima fiskal kecil sekali, ini akan berdampak makin tinggi kesenjangan antara pembangunan di jawa dan dengan indonesia timur. Mungkin perlu diformulasikan dengan pendapatan dari dearah yg masuk ke pusat misalnya dari sektor pertambangan agar pembangunan lebih merata lagi",2025-05-02T04:44:41Z
yjMq_VX7Jyk,@hamidalsaren8772,Betul KDM  berpikir cerdas dan bertindak cermat,2025-05-02T04:31:26Z
yjMq_VX7Jyk,@ariefsetyani3061,Bpk gubernur..klo blh sya ingin sekali ketemu dgn bpk..🙏🙏🙏🙏karna sya akan menjual villa sya..kyanya hanya bpk yg cocok utk membeli villa tersebut..mohon pak gimana caranya klo ingin Bertemu dgn bpk..🙏🙏🙏🙏,2025-05-02T04:18:11Z
yjMq_VX7Jyk,@ifa_mulyani1,"Dukung terus ekonomi kreatif, biar produk lokal makin digemari dan dikenal luas",2025-05-02T04:08:00Z
yjMq_VX7Jyk,@Fahri-tn4bg,Setuju banget..isi nya pak daging semua pak.,2025-05-02T04:06:26Z
yjMq_VX7Jyk,@DaeMelantutorial86,KDM adalah contoh bagi semua pemimpin,2025-05-02T03:49:31Z
yjMq_VX7Jyk,@rian_fahrezih,"Ekonomi kreatif berkembang pesat di era digital, tinggal terusin tren ini supaya ekonomi makin maju",2025-05-02T03:43:08Z
yjMq_VX7Jyk,@sitiukan4846,Malu sendiri gubernur KALTiM sdh di jwb oleh KDM.,2025-05-02T02:42:48Z
yjMq_VX7Jyk,@andikaandi2127,KDM sampai salah sebut berbatasan ibu kota jd di ralat lg jd JKT 😂. Salut sama beliau,2025-05-02T02:36:20Z
yjMq_VX7Jyk,@billyringgo4264,"Isinya daging semua. 
Dan kebaikan semua.",2025-05-02T02:20:55Z
yjMq_VX7Jyk,@BisnisCenter,"Ya Allah, bener bener merinding pemaran KDM dlm memperjuangkan rakyat, semoga sehat selalu KDM, next RI1",2025-05-02T01:13:10Z
yjMq_VX7Jyk,@CaturBudi-n3z,"Mantep , ngeasai materi dan keberpihakan kepada warganya",2025-05-02T01:06:31Z
yjMq_VX7Jyk,@Ateupps01,"Pinter s gla2 nya bapk aing mh tdk d ragukan lgi, keuna kana mamarasna mun nyarios teh.❤",2025-05-01T22:49:28Z
yjMq_VX7Jyk,@jk240379,Gubernur katim kirim ke barak biar ga ceungengesan,2025-05-01T22:08:32Z
yjMq_VX7Jyk,@IrwanAbdillah-pw1ud,Luar biasa bapak aing ❤❤❤,2025-05-01T18:06:27Z
yjMq_VX7Jyk,@safuanefendi3545,Mantap pak KDM,2025-05-01T17:06:09Z
yjMq_VX7Jyk,@ArisJambrek,Hebat eh bapak kdm,2025-05-01T16:58:50Z
yjMq_VX7Jyk,@BurhanudinSalman,Mantap bapak aing idenya Sangat cemerlang KDM gubernur Jawa Barat benar2 sosok seorang pemimpin yang punya jiwa kepemimpinan semoga panjang umur sehat selalu dlm lindungan Alloh SWT amiin,2025-05-01T16:36:11Z
yjMq_VX7Jyk,@advischanel8869,Kita lihat apakah DPR bisa menyelesai kan masalah yang ada di JABAR dengan kebijakan yang nyata atau hanya kajian saja tanpa ada tindakan yang nyata...😊 semoga saja DPR sekarang tidak hanya omong kosong.,2025-05-01T16:04:12Z
yjMq_VX7Jyk,@chakra_orizasativa1975,Sangat cerdas KDM,2025-05-01T15:54:55Z
yjMq_VX7Jyk,@kakindrawati8299,Sehat selalu bapak aing ❤❤❤semoga suatu saat kami bisa ketemu,2025-05-01T15:28:43Z
yjMq_VX7Jyk,@budimanman2433,Tikus-tikus kantor plonga-plongo 😂 mantap bapa aing❤,2025-05-01T15:12:54Z
yjMq_VX7Jyk,@papihaplesgonzales,Klo masih ada yg nyinyir... Real keturunan KNIL Belanda,2025-05-01T14:14:43Z
yjMq_VX7Jyk,@akhtarboy5247,Mestinya Jabar bersyukur punya kdm yg bijak dan realistiss...salam dr sumbar,2025-05-01T13:16:18Z
yjMq_VX7Jyk,@kangbrewoktjml7495,❤❤❤👌👍👍👍🙏,2025-05-01T13:00:27Z
yjMq_VX7Jyk,@setiawansetiawan6583,"Satu ruangan rapat yg paling pinter cm KDM yg lain cm jd penggembira😅😅....
Semua yg di sampaikan reel gk mbulet sesuai lapangan....
Yg lain cm katanya,,, datanya dari mana jg gk tau, tp klo KDM semua yg di sampaikan sesuai yg di hadapi dan terjun langsung....",2025-05-01T12:56:23Z
yjMq_VX7Jyk,@udiksriyanto7442,"Yang lain cuma baca teks KDM , bicara Tampa ,teks👍👍👍👍👍👍👍👍👍",2025-05-01T12:09:30Z
yjMq_VX7Jyk,@AMELIAOHAMELIA,"Kita ke sini cuma mau liat bpk aing 😊 ada apa ya . Mudah"" an makin banyak pejabat / petingi yg punya ketulusan dan pengorbanan kayak beliau 😊",2025-05-01T11:02:31Z
yjMq_VX7Jyk,@jalalludin9847,"saya tau dia memuji diakhir, tapi. kesalahan pertama bilang gubernur konten ditempat rapat, kedua. ucapannya kurang akurat, aturan gini. gubernur konten yg bermamfaat bagi masarakat harus di contoh, lagian kang dedi buat konten banyak yg nyata tidak omon omon, terimakasih",2025-05-01T10:42:02Z
yjMq_VX7Jyk,@Belahok86,Memang cerdas org ini semua problem bs lamgsng d buat solusinya,2025-05-01T10:38:36Z
yjMq_VX7Jyk,@wildanmubarok6715,gimana y persaan wrga kaltim melihat gubernurnya seperti itu ?,2025-05-01T10:14:42Z
yjMq_VX7Jyk,@ebenezer-sihotang-channel,Mantap Bapak Gubernur Jabar,2025-05-01T10:07:07Z
yjMq_VX7Jyk,@chandragoenawan1583,"Saatnya melakukan pembersihan dan perbaikan, pecat saja pejabat BUMD yang tidak mampu bekerja",2025-05-01T09:39:18Z
yjMq_VX7Jyk,@dindalufiana5200,Sudah tidak di ragukan memang 👍👍👍 ga bisa berkata lg saing bagus y mau turun lengsung dan dalam duduk di meja penting pun yg di bicarakan y  apa yg terjadi di lapangan sesungguh y dan pembahasan y daging semua bagus 👌,2025-05-01T09:12:42Z
yjMq_VX7Jyk,@mahadisyahputra4757,Pak dedi pindah aja pak ke medan jdi gubernur sumatera utara.,2025-05-01T08:29:13Z
yjMq_VX7Jyk,@ainanurilestari8883,"Mudah""an bapa Dedi bisa nyaba k rumpin",2025-05-01T07:37:11Z
yjMq_VX7Jyk,@satuduatiga6792,"Gas pak kdm untuk percepatan kabupaten Bogor, terutama adminstrasi kependudukan (ktp, kk, akte kelahiran dll) agar dipermudah Dan tidak perlu berpusat ke cibinong yg merepotkan",2025-05-01T07:02:58Z
yjMq_VX7Jyk,@charliscaplin6359,"Guna DPR di video ini cuman bertanya saja tanpa mem praktekan dan memberikan solusi kepada rakyat seperti Patung saja kaya Judge di pengadilan, pdhal pak KDM sangat bagus menginspirasi",2025-05-01T06:59:45Z
yjMq_VX7Jyk,@riykichenel5347,KDM di samain sama mulyono? yang bener aja bro. dari cara ngomong aja beda jauh. klo KDM tuh perbandingan nya sama AHOK. asli,2025-05-01T06:42:46Z
yjMq_VX7Jyk,@Podigit,bapak aing panjang umur,2025-05-01T06:39:23Z
yjMq_VX7Jyk,@otonkngger,liat batas2 kota.tentang penduduk.mana yg banyak mana yg sedikit kang dedy mulyadi paham,2025-05-01T06:26:59Z
yjMq_VX7Jyk,@nenengyanti9761,"Bpk gubernur JAbar pinter skli,smua ada d kepala nya tanpa teks,gubernur pling bela rakyat..biarin gubernur konten jg yg pnting positif byk bantu rakyat,lah..skng jaman nya medsos wajar lah,apa""jd konten,knp gub kaltim syirik y kalah viral,contoh donk bpk aing..is the best❤",2025-05-01T06:19:19Z
yjMq_VX7Jyk,@Novianti-bx9vk,"Baru kali sy ngikutin pejabat smp ga mau ketinggalan kontenx, buka hp hanya untuk cari info gebrakan apalgi yg dibuat KDM, SEHAT SLL KDM",2025-05-01T06:18:23Z
yjMq_VX7Jyk,@SriSurmarni-w3o,Kang dedy mulyadi memang jos gandos..... Guyonan bang rudy pun dijawab dgn cerdas sama kang dedy... Mantap😅,2025-05-01T05:49:04Z
yjMq_VX7Jyk,@SusiloHartono-e3m,Ini baru otak pemimpin yg mengerti tugas dan kewajiban sebagai pelayan rakyat.semoga KDM mjd contoh kepala daerah yg lain.salam sehat dari Wonogiri,2025-05-01T05:34:03Z
yjMq_VX7Jyk,@ambarmarwan513,Bagusan gub jabar dr gub kami dr kalimantan barat salam,2025-05-01T05:17:38Z
yjMq_VX7Jyk,@piterschannel4752,"Gubernur terbaik 👍,,kalau semua gubernur model seperti beliau ini, pasti sejahtera rakyatnya",2025-05-01T04:27:30Z
yjMq_VX7Jyk,@MujiSantuso-v3w,"sebuah argumentasi yg jika di Terima dpr,, bisa ber implikasi tdk hny jabar,,,, tp ke seluruh Indonesia",2025-05-01T04:25:44Z
yjMq_VX7Jyk,@pranawd,"Bener sih itu Pph21, tinggal di Bodetabek tapi yang nikmatin jakarta 🤣",2025-05-01T04:11:45Z
yjMq_VX7Jyk,@AiNurhayati-c9h,"Keren bapa aing,, istri saya sudah ngehoner 15thn belum di angjat juga, kalah sama yang ngehoner baru setahun atau 2 thn audah di angkat P3k aneh",2025-05-01T03:58:45Z
yjMq_VX7Jyk,@MalayD09,Gubenur cerdas berani Unik kdm,2025-05-01T03:58:33Z
yjMq_VX7Jyk,@AldinoBrojol,Gubernur godeg salah lawan,2025-05-01T03:51:46Z
yjMq_VX7Jyk,@ArsyArsy-l7u,"Mantap bapak aing , sehat"" Pak sukses pimpin jabar",2025-05-01T03:29:05Z
yjMq_VX7Jyk,@MuhammadMunzin,Episiensi di heulaken. Duit nu di paling ratusan triliun di antep oon,2025-05-01T03:29:03Z
yjMq_VX7Jyk,@amospasuruan6475,Wowowowo berbobot 😂😂,2025-05-01T03:23:39Z
yjMq_VX7Jyk,@bukanzionispesek,kang dedi keren pinter,2025-05-01T02:45:55Z
yjMq_VX7Jyk,@satriapandu1140,👍,2025-05-01T02:45:29Z
yjMq_VX7Jyk,@WulanSari-w5n,Bapak aimg❤,2025-05-01T02:34:00Z
yjMq_VX7Jyk,@tommyibrahimgani9047,"Ini lah seorang pemimpin yang bagus, pedulikan sama masyarakat nya.smoga bapak gubernur selalu di beri kesehatan,dan di panjangkan umurnya..
Amin",2025-05-01T02:05:48Z
yjMq_VX7Jyk,@AlgonesiaTV,"Jgn hanya pemekaran di jawa,di sumatera utara, Tapanuli juga segera provinsi tapanuli",2025-05-01T01:49:41Z
yjMq_VX7Jyk,@AlgonesiaTV,Mantapp kdm,2025-05-01T01:47:53Z
yjMq_VX7Jyk,@RzQmugiwara,"Gub Brebes kapan Sadar nya kira² ,, ?",2025-05-01T01:47:26Z
yjMq_VX7Jyk,@RadhietSetiawan,"Pokoknya bapa aing mah 134,,,artinya gk ada duanya..😂,, hidup bapa aing 💪",2025-05-01T01:39:29Z
yjMq_VX7Jyk,@andyrifay8894,Gub dari DPR RI ya pasti tau stuasi di DPR...untung  sekali jabar gub nya kdm,2025-05-01T01:35:53Z
yjMq_VX7Jyk,@AfgarSamsudin,Macing pak gub..dg ketua komisinya,2025-05-01T01:34:24Z
yjMq_VX7Jyk,@AfgarSamsudin,Pemaparan nya..lugas..lantang...sistematis...dan jelas....luar biasa ieu bapak aing,2025-05-01T01:27:38Z
yjMq_VX7Jyk,@WirdaSalamah-p5b,bapak aing🔥🔥🔥,2025-05-01T00:55:58Z
yjMq_VX7Jyk,@seve7nin9e31,hidup BAPA AING,2025-05-01T00:50:02Z
yjMq_VX7Jyk,@mrz5935,Jadi wapres cocok KDM,2025-05-01T00:05:08Z
yjMq_VX7Jyk,@SanjayaSmc,👍 KDM 👍,2025-04-30T23:54:53Z
yjMq_VX7Jyk,@yuswadi0151,"Saya warga jateng, tapi salut&kagum dgn cara berfikir kdm, harapan saya jadikanlah pemimpin2 yg lain, nyontoh hal baik secara umum sepertinya ga salah.",2025-04-30T23:51:30Z
yjMq_VX7Jyk,@Erwin-u4r,Pak Aing untuk cerdas.. Kerja terbukti nyata untuk rakyat,2025-04-30T23:31:22Z
yjMq_VX7Jyk,@nadiramulyadi8082,Ini bner2 pejabat yg mengerti sistem negara dan rakyat nya apal cangkem mantep kdm ga kayad yg di dpn nya hanya bengong kaya nya anggota wakil rakyta nya ga ngerti wkwkkwkw,2025-04-30T23:17:52Z
yjMq_VX7Jyk,@SarahEarlene,Siapa yang kerjanya nyata di sini??,2025-04-30T23:15:37Z
yjMq_VX7Jyk,@AhmadAndaru-j5p,Yang menonjol cuma pak Dedi mulyadi.sisa anggota hanya kesombong sok pinter sok kuasa tpi kosong.mhon untuk mengundurkan diri karna anda d gaji rakyat tpi kinerja anda sok2 an karna jabatan anda merendahkan statement orang.tolong anda mengundurkan diri.ngak mewakili rakyat sma sekalai,2025-04-30T22:06:50Z
yjMq_VX7Jyk,@SobatFrozenTv,jabar Hiji,2025-04-30T21:56:36Z
yjMq_VX7Jyk,@davidalbino3095,"Jmn sekarang klu gk di viralin mmng semena2, yg bener harus firal yg salah takut firal, 😂 dasar begok orang2 yg mnghujat menyindir yg benar😂",2025-04-30T21:53:30Z
yjMq_VX7Jyk,@ramazone100,"Bicaranya to the point, berisi, mengangkat permasalahan, dan efektif",2025-04-30T21:42:49Z
yjMq_VX7Jyk,@aseplesgart6366,"Yang Bilang pencitraan,,, Berarti Otaknya Kurang Se Sendokkk...",2025-04-30T19:10:52Z
yjMq_VX7Jyk,@iqohirfaniah4865,"Bapa aing 2 priode benahi jawabarat sampai tuntas setelah ituh maju RI1
Yg setuju angkat jempol nyah👍👍👍
Yg bilang gubernur konten mungkin merasa iri kurang micin hhhhh

Mantap bapa aing semangat kerja nyata bukan omon omon semangat bapa aing💪💪💪💪💪",2025-04-30T18:56:58Z
yjMq_VX7Jyk,@darmadidarmadi1093,Allah sudah ada dihatinya! Tindakanya bijak! Hidup KDM.,2025-04-30T18:37:59Z
yjMq_VX7Jyk,@karyokaryo9423,"KDM adalah gubernur yang sangat hebat.beliau kerja nya nyata..
Kalau gubernur 2 yang lain ga ketauan kerja nya..",2025-04-30T18:05:59Z
yjMq_VX7Jyk,@kangasta3545,Bapa Aing pokonaah Well👍👍,2025-04-30T17:54:05Z
yjMq_VX7Jyk,@jejak_digital99,"gubernur konten,tp bisa pangkas anggaran Iklan begitu besar..bapak aing memang the best❤❤❤",2025-04-30T17:50:27Z
yjMq_VX7Jyk,@ira1387,Gila keren bgt nih gubernur.. Cocok jadi wapres gantiin anak kecil yg ga ngerti apa2 buat ngurus Indonesia..,2025-04-30T17:43:27Z
yjMq_VX7Jyk,@mrsapta6930,"Pinter bgt emng bapak aing, bisa menempatkan posisi dimana beliau ada, salut",2025-04-30T17:32:41Z
